2012-09-04 01:00:21, 287069, 3.27, 17
2012-09-04 01:01:21, 286339, 3.27, 17
2012-09-04 01:02:21, 284472, 3.27, 17
2012-09-04 01:03:21, 284192, 3.27, 17
2012-09-04 01:04:21, 284492, 3.27, 17
2012-09-04 01:05:21, 283161, 3.27, 17
2012-09-04 01:06:21, 282626, 3.27, 17
2012-09-04 01:07:21, 284509, 3.27, 17
2012-09-04 01:08:21, 283197, 3.27, 17
2012-09-04 01:09:21, 282747, 3.27, 17
2012-09-04 01:10:21, 283088, 3.27, 17
2012-09-04 01:11:21, 282344, 3.27, 17
2012-09-04 01:12:21, 282059, 3.27, 17
2012-09-04 01:13:21, 282307, 3.27, 17
2012-09-04 01:14:21, 282291, 3.27, 17
2012-09-04 01:15:21, 282779, 3.27, 17
2012-09-04 01:16:21, 282601, 3.27, 17
2012-09-04 01:17:21, 282505, 3.27, 17
2012-09-04 01:18:21, 282174, 3.27, 17
2012-09-04 01:19:21, 281762, 3.27, 17
2012-09-04 01:20:21, 281122, 3.26, 17
2012-09-04 01:21:21, 280699, 3.27, 17
2012-09-04 01:22:21, 281108, 3.27, 17
2012-09-04 01:23:21, 281058, 3.27, 17
2012-09-04 01:24:21, 281242, 3.27, 17
2012-09-04 01:25:21, 280110, 3.27, 17
2012-09-04 01:26:21, 280280, 3.26, 17
2012-09-04 01:27:21, 279683, 3.27, 17
2012-09-04 01:28:21, 279863, 3.27, 17
2012-09-04 01:29:21, 279335, 3.26, 17
2012-09-04 01:30:21, 280241, 3.26, 17
2012-09-04 01:31:21, 280774, 3.27, 17
2012-09-04 01:32:21, 279043, 3.27, 17
2012-09-04 01:33:21, 278837, 3.27, 17
2012-09-04 01:34:21, 279118, 3.27, 17
2012-09-04 01:35:21, 277395, 3.27, 17
2012-09-04 01:36:21, 276848, 3.27, 17
2012-09-04 01:37:21, 276384, 3.26, 17
2012-09-04 01:38:21, 276540, 3.27, 17
2012-09-04 01:39:21, 275407, 3.27, 17
2012-09-04 01:40:21, 275792, 3.26, 17
2012-09-04 01:41:21, 275865, 3.27, 17
2012-09-04 01:42:21, 276462, 3.26, 17
2012-09-04 01:43:21, 275732, 3.27, 17
2012-09-04 01:44:21, 275736, 3.26, 17
2012-09-04 01:45:21, 276267, 3.27, 17
2012-09-04 01:46:21, 276180, 3.27, 17
2012-09-04 01:47:21, 275866, 3.27, 17
2012-09-04 01:48:21, 275864, 3.27, 17
2012-09-04 01:49:21, 274326, 3.27, 17
2012-09-04 01:50:21, 275997, 3.27, 16
2012-09-04 01:51:21, 275332, 3.27, 16
2012-09-04 01:52:21, 274702, 3.26, 17
2012-09-04 01:53:21, 274820, 3.27, 17
2012-09-04 01:54:21, 274349, 3.27, 17
2012-09-04 01:55:21, 273040, 3.27, 17
2012-09-04 01:56:21, 273593, 3.27, 16
2012-09-04 01:57:21, 272861, 3.27, 17
2012-09-04 01:58:21, 272251, 3.26, 17
2012-09-04 01:59:21, 272568, 3.27, 17
2012-09-04 02:00:21, 271863, 3.27, 16
2012-09-04 02:01:21, 270836, 3.27, 16
2012-09-04 02:02:21, 269787, 3.27, 16
2012-09-04 02:03:21, 269659, 3.26, 16
2012-09-04 02:04:21, 269567, 3.27, 16
2012-09-04 02:05:21, 269366, 3.27, 16
2012-09-04 02:06:21, 269724, 3.26, 16
2012-09-04 02:07:21, 270035, 3.27, 16
2012-09-04 02:08:21, 270367, 3.27, 16
2012-09-04 02:09:21, 269155, 3.26, 16
2012-09-04 02:10:21, 269856, 3.27, 16
2012-09-04 02:11:21, 271888, 3.26, 16
2012-09-04 02:12:21, 271648, 3.27, 16
2012-09-04 02:13:21, 271589, 3.26, 16
2012-09-04 02:14:21, 270534, 3.27, 16
2012-09-04 02:15:21, 271389, 3.26, 16
2012-09-04 02:16:21, 270885, 3.27, 16
2012-09-04 02:17:21, 270049, 3.27, 16
2012-09-04 02:18:22, 270473, 3.27, 16
2012-09-04 02:19:22, 270570, 3.26, 16
2012-09-04 02:20:22, 270404, 3.27, 16
2012-09-04 02:21:22, 270584, 3.27, 16
2012-09-04 02:22:22, 270586, 3.27, 16
2012-09-04 02:23:22, 270961, 3.27, 16
2012-09-04 02:24:22, 271496, 3.26, 17
2012-09-04 02:25:22, 271351, 3.26, 16
2012-09-04 02:26:22, 270499, 3.26, 16
2012-09-04 02:27:22, 270809, 3.26, 16
2012-09-04 02:28:22, 270385, 3.27, 16
2012-09-04 02:29:22, 270567, 3.27, 16
2012-09-04 02:30:22, 271000, 3.27, 17
2012-09-04 02:31:22, 270564, 3.27, 17
2012-09-04 02:32:22, 270758, 3.26, 16
2012-09-04 02:33:22, 269079, 3.26, 16
2012-09-04 02:34:22, 268279, 3.27, 16
2012-09-04 02:35:22, 268229, 3.27, 16
2012-09-04 02:36:22, 268117, 3.27, 16
2012-09-04 02:37:22, 268024, 3.27, 16
2012-09-04 02:38:22, 268430, 3.27, 16
2012-09-04 02:39:22, 267420, 3.27, 16
2012-09-04 02:40:22, 267077, 3.27, 16
2012-09-04 02:41:22, 267989, 3.27, 16
2012-09-04 02:42:22, 267761, 3.26, 16
2012-09-04 02:43:22, 267801, 3.27, 15
2012-09-04 02:44:22, 268997, 3.26, 16
2012-09-04 02:45:22, 269527, 3.27, 16
2012-09-04 02:46:22, 269656, 3.27, 16
2012-09-04 02:47:22, 268084, 3.26, 16
2012-09-04 02:48:22, 268816, 3.27, 16
2012-09-04 02:49:22, 268575, 3.27, 16
2012-09-04 02:50:22, 268336, 3.27, 16
2012-09-04 02:51:22, 268024, 3.27, 16
2012-09-04 02:52:22, 267374, 3.26, 16
2012-09-04 02:53:22, 267290, 3.27, 16
2012-09-04 02:54:22, 267108, 3.27, 16
2012-09-04 02:55:22, 266475, 3.26, 16
2012-09-04 02:56:22, 266569, 3.27, 16
2012-09-04 02:57:22, 265814, 3.26, 16
2012-09-04 02:58:22, 267203, 3.27, 16
2012-09-04 02:59:22, 266886, 3.27, 15
2012-09-04 03:00:22, 265761, 3.26, 15
2012-09-04 03:01:22, 265502, 3.27, 15
2012-09-04 03:02:22, 265756, 3.27, 15
2012-09-04 03:03:22, 266414, 3.27, 15
2012-09-04 03:04:22, 265477, 3.26, 15
2012-09-04 03:05:22, 264844, 3.27, 15
2012-09-04 03:06:22, 265554, 3.26, 15
2012-09-04 03:07:22, 265922, 3.26, 15
2012-09-04 03:08:22, 265813, 3.27, 15
2012-09-04 03:09:22, 266007, 3.27, 15
2012-09-04 03:10:22, 266549, 3.26, 15
2012-09-04 03:11:22, 266803, 3.26, 15
2012-09-04 03:12:22, 266178, 3.26, 15
2012-09-04 03:13:22, 266207, 3.26, 15
2012-09-04 03:14:22, 266711, 3.27, 15
2012-09-04 03:15:22, 265793, 3.27, 15
2012-09-04 03:16:22, 265941, 3.26, 15
2012-09-04 03:17:22, 265644, 3.27, 15
2012-09-04 03:18:22, 265336, 3.27, 15
2012-09-04 03:19:22, 264744, 3.27, 15
2012-09-04 03:20:22, 265275, 3.27, 15
2012-09-04 03:21:22, 266110, 3.26, 15
2012-09-04 03:22:22, 265047, 3.27, 15
2012-09-04 03:23:22, 264563, 3.27, 15
2012-09-04 03:24:22, 265663, 3.27, 15
2012-09-04 03:25:22, 265906, 3.26, 15
2012-09-04 03:26:22, 266133, 3.27, 14
2012-09-04 03:27:22, 265614, 3.27, 15
2012-09-04 03:28:22, 265621, 3.26, 15
2012-09-04 03:29:22, 264856, 3.26, 14
2012-09-04 03:30:22, 264551, 3.26, 14
2012-09-04 03:31:22, 264113, 3.27, 14
2012-09-04 03:32:22, 264581, 3.27, 14
2012-09-04 03:33:22, 264653, 3.27, 14
2012-09-04 03:34:22, 264437, 3.27, 14
2012-09-04 03:35:22, 264489, 3.27, 14
2012-09-04 03:36:22, 264679, 3.26, 14
2012-09-04 03:37:22, 265123, 3.26, 14
2012-09-04 03:38:22, 264710, 3.26, 14
2012-09-04 03:39:22, 264508, 3.27, 14
2012-09-04 03:40:22, 264552, 3.26, 14
2012-09-04 03:41:22, 264554, 3.27, 14
2012-09-04 03:42:22, 264695, 3.26, 14
2012-09-04 03:43:22, 264903, 3.27, 14
2012-09-04 03:44:22, 265258, 3.26, 14
2012-09-04 03:45:22, 265792, 3.27, 14
2012-09-04 03:46:22, 265522, 3.27, 14
2012-09-04 03:47:22, 265663, 3.26, 14
2012-09-04 03:48:22, 265578, 3.27, 14
2012-09-04 03:49:22, 265781, 3.27, 14
2012-09-04 03:50:22, 265971, 3.26, 14
2012-09-04 03:51:22, 265232, 3.26, 14
2012-09-04 03:52:22, 265406, 3.27, 14
2012-09-04 03:53:22, 265651, 3.26, 14
2012-09-04 03:54:22, 266129, 3.27, 14
2012-09-04 03:55:22, 266195, 3.26, 14
2012-09-04 03:56:22, 266048, 3.27, 14
2012-09-04 03:57:22, 266058, 3.26, 14
2012-09-04 03:58:22, 266179, 3.27, 14
2012-09-04 03:59:22, 266124, 3.27, 14
2012-09-04 04:00:22, 266457, 3.27, 14
2012-09-04 04:01:22, 266383, 3.27, 14
2012-09-04 04:02:22, 266669, 3.26, 14
2012-09-04 04:03:22, 266796, 3.27, 14
2012-09-04 04:04:22, 266608, 3.26, 14
2012-09-04 04:05:22, 267047, 3.27, 14
2012-09-04 04:06:22, 266656, 3.27, 14
2012-09-04 04:07:22, 266494, 3.27, 14
2012-09-04 04:08:22, 266518, 3.26, 14
2012-09-04 04:09:22, 267014, 3.26, 14
2012-09-04 04:10:22, 267026, 3.26, 14
2012-09-04 04:11:22, 266900, 3.26, 14
2012-09-04 04:12:22, 266816, 3.26, 13
2012-09-04 04:13:22, 267215, 3.27, 14
2012-09-04 04:14:22, 266805, 3.27, 14
2012-09-04 04:15:22, 267188, 3.26, 14
2012-09-04 04:16:22, 267701, 3.27, 14
2012-09-04 04:17:22, 268173, 3.26, 13
2012-09-04 04:18:22, 268084, 3.27, 13
2012-09-04 04:19:22, 268761, 3.26, 13
2012-09-04 04:20:22, 269128, 3.27, 14
2012-09-04 04:21:22, 268957, 3.26, 13
2012-09-04 04:22:22, 268901, 3.27, 13
2012-09-04 04:23:22, 269332, 3.26, 13
2012-09-04 04:24:22, 269516, 3.26, 13
2012-09-04 04:25:22, 269693, 3.26, 14
2012-09-04 04:26:22, 269427, 3.26, 13
2012-09-04 04:27:22, 269234, 3.26, 13
2012-09-04 04:28:22, 268827, 3.26, 13
2012-09-04 04:29:22, 269568, 3.26, 13
2012-09-04 04:30:22, 269468, 3.26, 14
2012-09-04 04:31:22, 270221, 3.26, 13
2012-09-04 04:32:22, 270642, 3.26, 13
2012-09-04 04:33:22, 270451, 3.26, 14
2012-09-04 04:34:22, 270487, 3.26, 13
2012-09-04 04:35:22, 271084, 3.27, 13
2012-09-04 04:36:22, 271334, 3.26, 13
2012-09-04 04:37:22, 271469, 3.26, 14
2012-09-04 04:38:22, 272180, 3.26, 13
2012-09-04 04:39:22, 271921, 3.27, 14
2012-09-04 04:40:22, 271072, 3.27, 13
2012-09-04 04:41:22, 271302, 3.26, 13
2012-09-04 04:42:22, 272259, 3.26, 13
2012-09-04 04:43:22, 272083, 3.26, 13
2012-09-04 04:44:22, 272502, 3.26, 13
2012-09-04 04:45:22, 272406, 3.27, 13
2012-09-04 04:46:22, 272679, 3.27, 13
2012-09-04 04:47:22, 272914, 3.26, 13
2012-09-04 04:48:22, 273297, 3.27, 13
2012-09-04 04:49:22, 273723, 3.26, 13
2012-09-04 04:50:22, 273750, 3.26, 13
2012-09-04 04:51:22, 274509, 3.27, 13
2012-09-04 04:52:22, 274464, 3.26, 13
2012-09-04 04:53:22, 274990, 3.26, 13
2012-09-04 04:54:22, 275981, 3.26, 13
2012-09-04 04:55:22, 275671, 3.27, 13
2012-09-04 04:56:22, 276080, 3.27, 13
2012-09-04 04:57:22, 276810, 3.27, 13
2012-09-04 04:58:22, 276494, 3.26, 13
2012-09-04 04:59:22, 276725, 3.26, 13
2012-09-04 05:00:22, 277212, 3.27, 13
2012-09-04 05:01:22, 277324, 3.26, 13
2012-09-04 05:02:22, 277397, 3.26, 13
2012-09-04 05:03:22, 277672, 3.26, 13
2012-09-04 05:04:22, 277512, 3.27, 13
2012-09-04 05:05:22, 277854, 3.27, 12
2012-09-04 05:06:22, 277973, 3.26, 13
2012-09-04 05:07:22, 279027, 3.26, 13
2012-09-04 05:08:22, 280436, 3.26, 13
2012-09-04 05:09:22, 290857, 3.27, 13
2012-09-04 05:10:22, 290709, 3.26, 12
2012-09-04 05:11:22, 291509, 3.27, 13
2012-09-04 05:12:22, 291896, 3.26, 13
2012-09-04 05:13:22, 292189, 3.26, 13
2012-09-04 05:14:22, 291804, 3.26, 13
2012-09-04 05:15:22, 291983, 3.26, 13
2012-09-04 05:16:22, 291228, 3.26, 13
2012-09-04 05:17:22, 291778, 3.27, 12
2012-09-04 05:18:22, 292637, 3.27, 12
2012-09-04 05:19:22, 292940, 3.26, 12
2012-09-04 05:20:22, 292780, 3.26, 12
2012-09-04 05:21:22, 293453, 3.26, 12
2012-09-04 05:22:22, 293726, 3.27, 13
2012-09-04 05:23:22, 293503, 3.26, 12
2012-09-04 05:24:22, 293250, 3.26, 13
2012-09-04 05:25:22, 294297, 3.27, 12
2012-09-04 05:26:22, 294552, 3.26, 12
2012-09-04 05:27:22, 294968, 3.26, 12
2012-09-04 05:28:22, 294949, 3.26, 13
2012-09-04 05:29:22, 295504, 3.26, 12
2012-09-04 05:30:22, 294451, 3.27, 12
2012-09-04 05:31:22, 294788, 3.26, 12
2012-09-04 05:32:22, 295372, 3.26, 12
2012-09-04 05:33:22, 295290, 3.26, 13
2012-09-04 05:34:22, 295421, 3.27, 12
2012-09-04 05:35:22, 295486, 3.26, 13
2012-09-04 05:36:22, 295058, 3.26, 12
2012-09-04 05:37:22, 294414, 3.27, 12
2012-09-04 05:38:22, 293093, 3.27, 12
2012-09-04 05:39:22, 291692, 3.27, 13
2012-09-04 05:40:22, 290406, 3.26, 12
2012-09-04 05:41:22, 288732, 3.26, 12
2012-09-04 05:42:22, 286409, 3.26, 12
2012-09-04 05:43:22, 284631, 3.27, 12
2012-09-04 05:44:22, 281989, 3.26, 12
2012-09-04 05:45:22, 277985, 3.26, 12
2012-09-04 05:46:22, 274342, 3.26, 12
2012-09-04 05:47:22, 269269, 3.26, 12
2012-09-04 05:48:22, 263775, 3.26, 12
2012-09-04 05:49:22, 257116, 3.27, 12
2012-09-04 05:50:22, 248817, 3.26, 12
2012-09-04 05:51:22, 240325, 3.26, 12
2012-09-04 05:52:22, 230492, 3.27, 12
2012-09-04 05:53:22, 220197, 3.26, 12
2012-09-04 05:54:22, 208542, 3.26, 12
2012-09-04 05:55:22, 195468, 3.27, 12
2012-09-04 05:56:22, 181777, 3.27, 12
2012-09-04 05:57:22, 168572, 3.26, 12
2012-09-04 05:58:22, 154161, 3.26, 12
2012-09-04 05:59:22, 139882, 3.27, 12
2012-09-04 06:00:22, 126004, 3.26, 12
2012-09-04 06:01:22, 112509, 3.27, 12
2012-09-04 06:02:22, 99680, 3.26, 12
2012-09-04 06:03:22, 87383, 3.26, 12
2012-09-04 06:04:22, 76355, 3.27, 12
2012-09-04 06:05:22, 66554, 3.27, 12
2012-09-04 06:06:22, 57294, 3.27, 12
2012-09-04 06:07:22, 49484, 3.26, 12
2012-09-04 06:08:22, 42313, 3.26, 12
2012-09-04 06:09:22, 36124, 3.27, 12
2012-09-04 06:10:22, 30662, 3.27, 12
2012-09-04 06:11:22, 25958, 3.27, 12
2012-09-04 06:12:22, 21919, 3.27, 12
2012-09-04 06:13:22, 18434, 3.26, 12
2012-09-04 06:14:22, 15445, 3.26, 12
2012-09-04 06:15:22, 12962, 3.27, 12
2012-09-04 06:16:22, 10915, 3.26, 12
2012-09-04 06:17:22, 9216, 3.27, 12
2012-09-04 06:18:22, 7840, 3.26, 12
2012-09-04 06:19:22, 6705, 3.26, 11
2012-09-04 06:20:22, 5777, 3.27, 12
2012-09-04 06:21:22, 5018, 3.26, 12
2012-09-04 06:22:22, 4384, 3.26, 12
2012-09-04 06:23:22, 3854, 3.26, 12
2012-09-04 06:24:22, 3404, 3.27, 11
2012-09-04 06:25:22, 3025, 3.26, 11
2012-09-04 06:26:22, 2705, 3.27, 12
2012-09-04 06:27:22, 2431, 3.26, 11
2012-09-04 06:28:22, 2195, 3.26, 12
2012-09-04 06:29:22, 1992, 3.26, 12
2012-09-04 06:30:22, 1818, 3.26, 11
2012-09-04 06:31:22, 1666, 3.26, 12
2012-09-04 06:32:22, 1533, 3.27, 11
2012-09-04 06:33:22, 1419, 3.26, 11
2012-09-04 06:34:22, 1318, 3.26, 12
2012-09-04 06:35:22, 1230, 3.26, 12
2012-09-04 06:36:22, 1152, 3.26, 12
2012-09-04 06:37:22, 1082, 3.26, 12
2012-09-04 06:38:22, 1019, 3.26, 12
2012-09-04 06:39:22, 962, 3.27, 12
2012-09-04 06:40:22, 909, 3.26, 12
2012-09-04 06:41:22, 859, 3.26, 11
2012-09-04 06:42:22, 813, 3.26, 12
2012-09-04 06:43:22, 771, 3.27, 12
2012-09-04 06:44:22, 732, 3.26, 12
2012-09-04 06:45:22, 695, 3.27, 12
2012-09-04 06:46:22, 662, 3.26, 12
2012-09-04 06:47:22, 634, 3.26, 12
2012-09-04 06:48:22, 610, 3.26, 12
2012-09-04 06:49:22, 588, 3.26, 12
2012-09-04 06:50:22, 569, 3.26, 12
2012-09-04 06:51:22, 551, 3.26, 12
2012-09-04 06:52:22, 534, 3.26, 12
2012-09-04 06:53:22, 519, 3.26, 12
2012-09-04 06:54:22, 504, 3.26, 12
2012-09-04 06:55:22, 491, 3.26, 12
2012-09-04 06:56:22, 479, 3.26, 12
2012-09-04 06:57:22, 468, 3.26, 12
2012-09-04 06:58:22, 457, 3.26, 12
2012-09-04 06:59:22, 448, 3.26, 12
2012-09-04 07:00:22, 439, 3.26, 12
2012-09-04 07:01:22, 431, 3.26, 12
2012-09-04 07:02:22, 424, 3.26, 12
2012-09-04 07:03:22, 417, 3.26, 12
2012-09-04 07:04:22, 411, 3.26, 12
2012-09-04 07:05:22, 404, 3.26, 12
2012-09-04 07:06:22, 398, 3.26, 12
2012-09-04 07:07:22, 393, 3.26, 12
2012-09-04 07:08:22, 387, 3.27, 12
2012-09-04 07:09:22, 382, 3.26, 12
2012-09-04 07:10:22, 378, 3.26, 12
2012-09-04 07:11:22, 373, 3.26, 12
2012-09-04 07:12:22, 369, 3.26, 12
2012-09-04 07:13:22, 364, 3.26, 12
2012-09-04 07:14:22, 360, 3.26, 12
2012-09-04 07:15:22, 356, 3.26, 12
2012-09-04 07:16:22, 352, 3.26, 12
2012-09-04 07:17:22, 349, 3.27, 12
2012-09-04 07:18:22, 346, 3.26, 12
2012-09-04 07:19:22, 343, 3.26, 13
2012-09-04 07:20:22, 340, 3.26, 12
2012-09-04 07:21:22, 337, 3.26, 13
2012-09-04 07:22:22, 334, 3.26, 13
2012-09-04 07:23:22, 331, 3.26, 13
2012-09-04 07:24:22, 329, 3.26, 13
2012-09-04 07:25:22, 326, 3.26, 13
2012-09-04 07:26:22, 324, 3.26, 13
2012-09-04 07:27:22, 321, 3.26, 13
2012-09-04 07:28:22, 319, 3.27, 13
2012-09-04 07:29:22, 316, 3.26, 13
2012-09-04 07:30:22, 314, 3.27, 13
2012-09-04 07:31:22, 310, 3.27, 13
2012-09-04 07:32:22, 307, 3.26, 13
2012-09-04 07:33:22, 302, 3.27, 13
2012-09-04 07:34:22, 298, 3.26, 14
2012-09-04 07:35:22, 293, 3.26, 13
2012-09-04 07:36:22, 287, 3.26, 14
2012-09-04 07:37:22, 282, 3.26, 14
2012-09-04 07:38:22, 276, 3.27, 14
2012-09-04 07:39:22, 271, 3.27, 14
2012-09-04 07:40:22, 266, 3.27, 14
2012-09-04 07:41:22, 261, 3.27, 14
2012-09-04 07:42:22, 257, 3.27, 14
2012-09-04 07:43:22, 253, 3.27, 14
2012-09-04 07:44:22, 250, 3.26, 14
2012-09-04 07:45:22, 247, 3.27, 15
2012-09-04 07:46:22, 245, 3.26, 15
2012-09-04 07:47:22, 242, 3.27, 15
2012-09-04 07:48:22, 240, 3.26, 15
2012-09-04 07:49:22, 238, 3.26, 15
2012-09-04 07:50:22, 237, 3.27, 15
2012-09-04 07:51:22, 234, 3.26, 16
2012-09-04 07:52:22, 233, 3.27, 16
2012-09-04 07:53:22, 216, 3.27, 16
2012-09-04 07:54:22, 143, 3.27, 16
2012-09-04 07:55:22, 112, 3.27, 17
2012-09-04 07:56:22, 102, 3.27, 17
2012-09-04 07:57:22, 102, 3.27, 17
2012-09-04 07:58:22, 101, 3.27, 18
2012-09-04 07:59:22, 101, 3.27, 17
2012-09-04 08:00:22, 101, 3.26, 18
2012-09-04 08:01:22, 100, 3.26, 19
2012-09-04 08:02:22, 100, 3.27, 19
2012-09-04 08:03:22, 99, 3.27, 19
2012-09-04 08:04:22, 99, 3.27, 20
2012-09-04 08:05:22, 98, 3.27, 20
2012-09-04 08:06:22, 98, 3.27, 20
2012-09-04 08:07:22, 98, 3.27, 20
2012-09-04 08:08:22, 97, 3.27, 21
2012-09-04 08:09:22, 97, 3.27, 21
2012-09-04 08:10:22, 97, 3.27, 21
2012-09-04 08:11:22, 96, 3.27, 22
2012-09-04 08:12:22, 96, 3.27, 22
2012-09-04 08:13:22, 96, 3.27, 22
2012-09-04 08:14:22, 95, 3.27, 22
2012-09-04 08:15:22, 95, 3.27, 23
2012-09-04 08:16:22, 95, 3.27, 23
2012-09-04 08:17:22, 95, 3.27, 23
2012-09-04 08:18:22, 94, 3.27, 23
2012-09-04 08:19:22, 94, 3.27, 24
2012-09-04 08:20:22, 93, 3.27, 24
2012-09-04 08:21:22, 93, 3.27, 24
2012-09-04 08:22:22, 93, 3.27, 24
2012-09-04 08:23:22, 93, 3.27, 25
2012-09-04 08:24:22, 93, 3.27, 25
2012-09-04 08:25:22, 92, 3.27, 25
2012-09-04 08:26:22, 92, 3.27, 26
2012-09-04 08:27:22, 92, 3.27, 26
2012-09-04 08:28:22, 91, 3.27, 26
2012-09-04 08:29:22, 91, 3.27, 26
2012-09-04 08:30:22, 91, 3.27, 26
2012-09-04 08:31:22, 91, 3.27, 27
2012-09-04 08:32:22, 91, 3.27, 27
2012-09-04 08:33:23, 90, 3.27, 27
2012-09-04 08:34:23, 90, 3.27, 28
2012-09-04 08:35:23, 90, 3.27, 27
2012-09-04 08:36:23, 90, 3.27, 28
2012-09-04 08:37:23, 89, 3.27, 28
2012-09-04 08:38:23, 89, 3.27, 28
2012-09-04 08:39:23, 89, 3.27, 28
2012-09-04 08:40:23, 89, 3.27, 28
2012-09-04 08:41:23, 89, 3.27, 28
2012-09-04 08:42:23, 88, 3.27, 28
2012-09-04 08:43:23, 88, 3.27, 29
2012-09-04 08:44:23, 88, 3.27, 29
2012-09-04 08:45:23, 88, 3.27, 29
2012-09-04 08:46:23, 88, 3.27, 29
2012-09-04 08:47:23, 87, 3.27, 29
2012-09-04 08:48:23, 87, 3.27, 29
2012-09-04 08:49:23, 87, 3.27, 30
2012-09-04 08:50:23, 87, 3.27, 30
2012-09-04 08:51:23, 86, 3.27, 30
2012-09-04 08:52:23, 87, 3.27, 30
2012-09-04 08:53:23, 86, 3.27, 30
2012-09-04 08:54:23, 86, 3.27, 31
2012-09-04 08:55:23, 86, 3.27, 31
2012-09-04 08:56:23, 86, 3.27, 31
2012-09-04 08:57:23, 86, 3.27, 31
2012-09-04 08:58:23, 85, 3.27, 32
2012-09-04 08:59:23, 85, 3.27, 31
2012-09-04 09:00:23, 85, 3.27, 32
2012-09-04 09:01:23, 85, 3.27, 32
2012-09-04 09:02:23, 85, 3.27, 32
2012-09-04 09:03:23, 85, 3.27, 32
2012-09-04 09:04:23, 85, 3.27, 33
2012-09-04 09:05:23, 84, 3.27, 32
2012-09-04 09:06:23, 84, 3.27, 33
2012-09-04 09:07:23, 84, 3.27, 33
2012-09-04 09:08:23, 84, 3.27, 33
2012-09-04 09:09:23, 84, 3.27, 33
2012-09-04 09:10:23, 84, 3.27, 33
2012-09-04 09:11:23, 84, 3.27, 33
2012-09-04 09:12:23, 83, 3.27, 34
2012-09-04 09:13:23, 83, 3.27, 34
2012-09-04 09:14:23, 83, 3.27, 34
2012-09-04 09:15:23, 83, 3.27, 35
2012-09-04 09:16:23, 83, 3.27, 35
2012-09-04 09:17:23, 83, 3.27, 35
2012-09-04 09:18:23, 83, 3.27, 35
2012-09-04 09:19:23, 82, 3.27, 35
2012-09-04 09:20:23, 83, 3.27, 35
2012-09-04 09:21:23, 82, 3.27, 35
2012-09-04 09:22:23, 82, 3.28, 35
2012-09-04 09:23:23, 82, 3.27, 35
2012-09-04 09:24:23, 82, 3.27, 36
2012-09-04 09:25:23, 81, 3.27, 36
2012-09-04 09:26:23, 82, 3.27, 36
2012-09-04 09:27:23, 81, 3.27, 37
2012-09-04 09:28:23, 82, 3.27, 37
2012-09-04 09:29:23, 81, 3.27, 37
2012-09-04 09:30:23, 81, 3.27, 37
2012-09-04 09:31:23, 81, 3.27, 37
2012-09-04 09:32:23, 81, 3.27, 37
2012-09-04 09:33:23, 81, 3.27, 37
2012-09-04 09:34:23, 81, 3.27, 38
2012-09-04 09:35:23, 80, 3.27, 37
2012-09-04 09:36:23, 80, 3.27, 38
2012-09-04 09:37:23, 80, 3.27, 38
2012-09-04 09:38:23, 80, 3.27, 38
2012-09-04 09:39:23, 80, 3.27, 39
2012-09-04 09:40:23, 80, 3.27, 39
2012-09-04 09:41:23, 80, 3.27, 39
2012-09-04 09:42:23, 79, 3.27, 40
2012-09-04 09:43:23, 80, 3.27, 39
2012-09-04 09:44:23, 79, 3.27, 40
2012-09-04 09:45:23, 79, 3.27, 40
2012-09-04 09:46:23, 79, 3.28, 40
2012-09-04 09:47:23, 79, 3.28, 40
2012-09-04 09:48:23, 79, 3.27, 41
2012-09-04 09:49:23, 79, 3.28, 40
2012-09-04 09:50:23, 79, 3.28, 41
2012-09-04 09:51:23, 79, 3.27, 40
2012-09-04 09:52:23, 79, 3.27, 40
2012-09-04 09:53:23, 79, 3.27, 41
2012-09-04 09:54:23, 78, 3.27, 41
2012-09-04 09:55:23, 78, 3.27, 41
2012-09-04 09:56:23, 78, 3.27, 41
2012-09-04 09:57:23, 78, 3.28, 42
2012-09-04 09:58:23, 78, 3.28, 42
2012-09-04 09:59:23, 78, 3.27, 42
2012-09-04 10:00:23, 78, 3.27, 42
2012-09-04 10:01:23, 78, 3.28, 42
2012-09-04 10:02:23, 78, 3.27, 42
2012-09-04 10:03:23, 78, 3.27, 42
2012-09-04 10:04:23, 78, 3.27, 42
2012-09-04 10:05:23, 78, 3.27, 43
2012-09-04 10:06:23, 77, 3.27, 42
2012-09-04 10:07:23, 77, 3.27, 43
2012-09-04 10:08:23, 77, 3.27, 43
2012-09-04 10:09:23, 77, 3.28, 43
2012-09-04 10:10:23, 77, 3.28, 44
2012-09-04 10:11:23, 77, 3.28, 44
2012-09-04 10:12:23, 77, 3.28, 44
2012-09-04 10:13:23, 77, 3.28, 44
2012-09-04 10:14:23, 77, 3.27, 43
2012-09-04 10:15:23, 77, 3.27, 44
2012-09-04 10:16:23, 77, 3.27, 44
2012-09-04 10:17:23, 77, 3.27, 45
2012-09-04 10:18:23, 77, 3.27, 44
2012-09-04 10:19:23, 77, 3.28, 44
2012-09-04 10:20:23, 77, 3.28, 45
2012-09-04 10:21:23, 77, 3.27, 45
2012-09-04 10:22:23, 77, 3.27, 45
2012-09-04 10:23:23, 76, 3.28, 45
2012-09-04 10:24:23, 76, 3.27, 45
2012-09-04 10:25:23, 76, 3.28, 46
2012-09-04 10:26:23, 76, 3.28, 45
2012-09-04 10:27:23, 76, 3.28, 46
2012-09-04 10:28:23, 76, 3.28, 46
2012-09-04 10:29:23, 76, 3.27, 46
2012-09-04 10:30:23, 76, 3.27, 46
2012-09-04 10:31:23, 76, 3.28, 46
2012-09-04 10:32:23, 76, 3.28, 46
2012-09-04 10:33:23, 76, 3.27, 47
2012-09-04 10:34:23, 76, 3.28, 47
2012-09-04 10:35:23, 76, 3.28, 47
2012-09-04 10:36:23, 76, 3.28, 47
2012-09-04 10:37:23, 76, 3.28, 47
2012-09-04 10:38:23, 76, 3.28, 47
2012-09-04 10:39:23, 76, 3.28, 47
2012-09-04 10:40:23, 76, 3.28, 47
2012-09-04 10:41:23, 76, 3.28, 47
2012-09-04 10:42:23, 75, 3.28, 47
2012-09-04 10:43:23, 76, 3.28, 48
2012-09-04 10:44:23, 76, 3.28, 47
2012-09-04 10:45:23, 75, 3.28, 47
2012-09-04 10:46:23, 75, 3.28, 48
2012-09-04 10:47:23, 75, 3.28, 48
2012-09-04 10:48:23, 75, 3.28, 49
2012-09-04 10:49:23, 75, 3.28, 48
2012-09-04 10:50:23, 75, 3.28, 48
2012-09-04 10:51:23, 75, 3.28, 49
2012-09-04 10:52:23, 75, 3.28, 49
2012-09-04 10:53:23, 75, 3.28, 49
2012-09-04 10:54:23, 75, 3.28, 49
2012-09-04 10:55:23, 75, 3.28, 49
2012-09-04 10:56:23, 75, 3.28, 49
2012-09-04 10:57:23, 75, 3.28, 49
2012-09-04 10:58:23, 75, 3.28, 49
2012-09-04 10:59:23, 75, 3.28, 50
2012-09-04 11:00:23, 75, 3.28, 50
2012-09-04 11:01:23, 75, 3.28, 50
2012-09-04 11:02:23, 75, 3.28, 49
2012-09-04 11:03:23, 75, 3.28, 50
2012-09-04 11:04:23, 75, 3.28, 50
2012-09-04 11:05:23, 75, 3.28, 50
2012-09-04 11:06:23, 75, 3.28, 49
2012-09-04 11:07:23, 74, 3.28, 49
2012-09-04 11:08:23, 75, 3.28, 50
2012-09-04 11:09:23, 75, 3.28, 50
2012-09-04 11:10:23, 74, 3.28, 50
2012-09-04 11:11:23, 74, 3.28, 50
2012-09-04 11:12:23, 74, 3.28, 49
2012-09-04 11:13:23, 74, 3.28, 50
2012-09-04 11:14:23, 74, 3.28, 51
2012-09-04 11:15:23, 74, 3.28, 51
2012-09-04 11:16:23, 74, 3.28, 51
2012-09-04 11:17:23, 74, 3.28, 50
2012-09-04 11:18:23, 74, 3.28, 51
2012-09-04 11:19:23, 74, 3.28, 51
2012-09-04 11:20:23, 74, 3.28, 51
2012-09-04 11:21:23, 74, 3.28, 51
2012-09-04 11:22:23, 74, 3.28, 51
2012-09-04 11:23:23, 74, 3.28, 51
2012-09-04 11:24:23, 74, 3.28, 51
2012-09-04 11:25:23, 74, 3.28, 51
2012-09-04 11:26:23, 74, 3.28, 52
2012-09-04 11:27:23, 74, 3.28, 51
2012-09-04 11:28:23, 74, 3.28, 52
2012-09-04 11:29:23, 74, 3.28, 52
2012-09-04 11:30:23, 74, 3.28, 52
2012-09-04 11:31:23, 74, 3.28, 52
2012-09-04 11:32:23, 74, 3.28, 52
2012-09-04 11:33:23, 74, 3.28, 52
2012-09-04 11:34:23, 74, 3.28, 53
2012-09-04 11:35:23, 74, 3.28, 52
2012-09-04 11:36:23, 74, 3.28, 52
2012-09-04 11:37:23, 74, 3.28, 53
2012-09-04 11:38:23, 74, 3.28, 53
2012-09-04 11:39:23, 74, 3.28, 53
2012-09-04 11:40:23, 74, 3.28, 53
2012-09-04 11:41:23, 74, 3.28, 53
2012-09-04 11:42:23, 74, 3.28, 53
2012-09-04 11:43:23, 74, 3.28, 53
2012-09-04 11:44:23, 74, 3.28, 53
2012-09-04 11:45:23, 74, 3.28, 53
2012-09-04 11:46:23, 74, 3.28, 53
2012-09-04 11:47:23, 74, 3.28, 53
2012-09-04 11:48:23, 74, 3.28, 53
2012-09-04 11:49:23, 74, 3.28, 53
2012-09-04 11:50:23, 74, 3.28, 53
2012-09-04 11:51:23, 74, 3.28, 54
2012-09-04 11:52:23, 74, 3.28, 53
2012-09-04 11:53:23, 74, 3.28, 54
2012-09-04 11:54:23, 74, 3.28, 53
2012-09-04 11:55:23, 74, 3.28, 54
2012-09-04 11:56:23, 73, 3.28, 54
2012-09-04 11:57:23, 73, 3.28, 54
2012-09-04 11:58:23, 73, 3.28, 55
2012-09-04 11:59:23, 73, 3.28, 54
2012-09-04 12:00:23, 73, 3.28, 55
2012-09-04 12:01:23, 73, 3.28, 55
2012-09-04 12:02:23, 73, 3.28, 55
2012-09-04 12:03:23, 74, 3.28, 55
2012-09-04 12:04:23, 73, 3.28, 55
2012-09-04 12:05:23, 73, 3.28, 55
2012-09-04 12:06:23, 73, 3.28, 55
2012-09-04 12:07:23, 73, 3.28, 56
2012-09-04 12:08:23, 73, 3.28, 55
2012-09-04 12:09:23, 73, 3.28, 55
2012-09-04 12:10:23, 73, 3.28, 55
2012-09-04 12:11:23, 73, 3.28, 56
2012-09-04 12:12:23, 73, 3.28, 56
2012-09-04 12:13:23, 73, 3.28, 55
2012-09-04 12:14:23, 73, 3.28, 56
2012-09-04 12:15:23, 73, 3.28, 56
2012-09-04 12:16:23, 73, 3.28, 56
2012-09-04 12:17:23, 73, 3.28, 56
2012-09-04 12:18:23, 73, 3.28, 56
2012-09-04 12:19:23, 73, 3.28, 56
2012-09-04 12:20:23, 73, 3.28, 56
2012-09-04 12:21:23, 73, 3.28, 56
2012-09-04 12:22:23, 73, 3.28, 56
2012-09-04 12:23:23, 73, 3.28, 56
2012-09-04 12:24:23, 74, 3.28, 56
2012-09-04 12:25:23, 74, 3.28, 56
2012-09-04 12:26:23, 73, 3.28, 56
2012-09-04 12:27:23, 73, 3.28, 56
2012-09-04 12:28:23, 73, 3.28, 56
2012-09-04 12:29:23, 73, 3.28, 56
2012-09-04 12:30:23, 73, 3.28, 56
2012-09-04 12:31:23, 73, 3.28, 56
2012-09-04 12:32:23, 73, 3.28, 56
2012-09-04 12:33:24, 73, 3.28, 56
2012-09-04 12:34:24, 73, 3.28, 56
2012-09-04 12:35:24, 73, 3.28, 56
2012-09-04 12:36:24, 73, 3.28, 56
2012-09-04 12:37:24, 73, 3.28, 56
2012-09-04 12:38:24, 74, 3.28, 56
2012-09-04 12:39:24, 73, 3.28, 56
2012-09-04 12:40:24, 73, 3.28, 56
2012-09-04 12:41:24, 74, 3.28, 56
2012-09-04 12:42:24, 74, 3.28, 56
2012-09-04 12:43:24, 73, 3.28, 56
2012-09-04 12:44:24, 73, 3.28, 56
2012-09-04 12:45:24, 73, 3.28, 57
2012-09-04 12:46:24, 73, 3.28, 57
2012-09-04 12:47:24, 74, 3.28, 56
2012-09-04 12:48:24, 73, 3.28, 56
2012-09-04 12:49:24, 74, 3.28, 56
2012-09-04 12:50:24, 74, 3.28, 56
2012-09-04 12:51:24, 73, 3.28, 56
2012-09-04 12:52:24, 73, 3.28, 57
2012-09-04 12:53:24, 74, 3.28, 57
2012-09-04 12:54:24, 74, 3.28, 57
2012-09-04 12:55:24, 74, 3.28, 57
2012-09-04 12:56:24, 73, 3.28, 57
2012-09-04 12:57:24, 74, 3.28, 57
2012-09-04 12:58:24, 74, 3.28, 57
2012-09-04 12:59:24, 74, 3.28, 57
2012-09-04 13:00:24, 74, 3.28, 57
2012-09-04 13:01:24, 74, 3.28, 57
2012-09-04 13:02:24, 74, 3.28, 57
2012-09-04 13:03:24, 74, 3.28, 57
2012-09-04 13:04:24, 74, 3.28, 57
2012-09-04 13:05:24, 74, 3.28, 57
2012-09-04 13:06:24, 74, 3.28, 57
2012-09-04 13:07:24, 74, 3.28, 58
2012-09-04 13:08:24, 74, 3.28, 57
2012-09-04 13:09:24, 74, 3.28, 58
2012-09-04 13:10:24, 74, 3.28, 58
2012-09-04 13:11:24, 74, 3.28, 58
2012-09-04 13:12:24, 74, 3.28, 57
2012-09-04 13:13:24, 74, 3.28, 57
2012-09-04 13:14:24, 74, 3.28, 58
2012-09-04 13:15:24, 74, 3.28, 58
2012-09-04 13:16:24, 74, 3.28, 58
2012-09-04 13:17:24, 74, 3.28, 58
2012-09-04 13:18:24, 74, 3.28, 58
2012-09-04 13:19:24, 74, 3.28, 58
2012-09-04 13:20:24, 74, 3.28, 58
2012-09-04 13:21:24, 74, 3.28, 58
2012-09-04 13:22:24, 74, 3.28, 58
2012-09-04 13:23:24, 74, 3.28, 58
2012-09-04 13:24:24, 74, 3.28, 58
2012-09-04 13:25:24, 74, 3.28, 58
2012-09-04 13:26:24, 74, 3.28, 58
2012-09-04 13:27:24, 74, 3.28, 58
2012-09-04 13:28:24, 74, 3.28, 58
2012-09-04 13:29:24, 74, 3.28, 58
2012-09-04 13:30:24, 74, 3.28, 58
2012-09-04 13:31:24, 74, 3.28, 58
2012-09-04 13:32:24, 74, 3.28, 58
2012-09-04 13:33:24, 74, 3.28, 58
2012-09-04 13:34:24, 74, 3.28, 58
2012-09-04 13:35:24, 74, 3.28, 58
2012-09-04 13:36:24, 74, 3.28, 58
2012-09-04 13:37:24, 75, 3.28, 59
2012-09-04 13:38:24, 74, 3.28, 58
2012-09-04 13:39:24, 74, 3.28, 59
2012-09-04 13:40:24, 75, 3.28, 59
2012-09-04 13:41:24, 75, 3.28, 58
2012-09-04 13:42:24, 75, 3.28, 58
2012-09-04 13:43:24, 75, 3.28, 58
2012-09-04 13:44:24, 75, 3.28, 58
2012-09-04 13:45:24, 75, 3.28, 59
2012-09-04 13:46:24, 75, 3.28, 58
2012-09-04 13:47:24, 75, 3.28, 59
2012-09-04 13:48:24, 75, 3.28, 59
2012-09-04 13:49:24, 75, 3.28, 58
2012-09-04 13:50:24, 75, 3.28, 59
2012-09-04 13:51:24, 75, 3.28, 59
2012-09-04 13:52:24, 75, 3.28, 59
2012-09-04 13:53:24, 75, 3.28, 59
2012-09-04 13:54:24, 75, 3.28, 58
2012-09-04 13:55:24, 75, 3.28, 58
2012-09-04 13:56:24, 75, 3.28, 58
2012-09-04 13:57:24, 75, 3.28, 58
2012-09-04 13:58:24, 75, 3.28, 58
2012-09-04 13:59:24, 75, 3.28, 59
2012-09-04 14:00:24, 75, 3.28, 58
2012-09-04 14:01:24, 75, 3.28, 59
2012-09-04 14:02:24, 75, 3.28, 59
2012-09-04 14:03:24, 75, 3.28, 59
2012-09-04 14:04:24, 76, 3.28, 58
2012-09-04 14:05:24, 76, 3.28, 58
2012-09-04 14:06:24, 75, 3.28, 59
2012-09-04 14:07:24, 76, 3.28, 58
2012-09-04 14:08:24, 76, 3.28, 59
2012-09-04 14:09:24, 76, 3.28, 58
2012-09-04 14:10:24, 76, 3.28, 58
2012-09-04 14:11:24, 76, 3.28, 58
2012-09-04 14:12:24, 76, 3.28, 58
2012-09-04 14:13:24, 76, 3.28, 58
2012-09-04 14:14:24, 76, 3.28, 58
2012-09-04 14:15:24, 76, 3.28, 58
2012-09-04 14:16:24, 76, 3.28, 58
2012-09-04 14:17:24, 76, 3.28, 58
2012-09-04 14:18:24, 76, 3.28, 58
2012-09-04 14:19:24, 76, 3.28, 58
2012-09-04 14:20:24, 76, 3.28, 58
2012-09-04 14:21:24, 77, 3.28, 58
2012-09-04 14:22:24, 77, 3.28, 58
2012-09-04 14:23:24, 77, 3.28, 58
2012-09-04 14:24:24, 77, 3.28, 58
2012-09-04 14:25:24, 77, 3.28, 58
2012-09-04 14:26:24, 77, 3.28, 58
2012-09-04 14:27:24, 77, 3.28, 58
2012-09-04 14:28:24, 77, 3.28, 58
2012-09-04 14:29:24, 77, 3.28, 58
2012-09-04 14:30:24, 77, 3.28, 58
2012-09-04 14:31:24, 77, 3.28, 58
2012-09-04 14:32:24, 77, 3.28, 58
2012-09-04 14:33:24, 77, 3.28, 58
2012-09-04 14:34:24, 77, 3.28, 58
2012-09-04 14:35:24, 77, 3.28, 58
2012-09-04 14:36:24, 77, 3.28, 58
2012-09-04 14:37:24, 78, 3.28, 58
2012-09-04 14:38:24, 78, 3.28, 58
2012-09-04 14:39:24, 78, 3.28, 58
2012-09-04 14:40:24, 78, 3.28, 58
2012-09-04 14:41:24, 78, 3.28, 58
2012-09-04 14:42:24, 78, 3.28, 58
2012-09-04 14:43:24, 78, 3.28, 58
2012-09-04 14:44:24, 78, 3.28, 57
2012-09-04 14:45:24, 78, 3.28, 57
2012-09-04 14:46:24, 78, 3.28, 58
2012-09-04 14:47:24, 78, 3.28, 58
2012-09-04 14:48:24, 78, 3.28, 58
2012-09-04 14:49:24, 79, 3.28, 57
2012-09-04 14:50:24, 79, 3.28, 58
2012-09-04 14:51:24, 79, 3.28, 58
2012-09-04 14:52:24, 79, 3.28, 58
2012-09-04 14:53:24, 79, 3.28, 58
2012-09-04 14:54:24, 79, 3.28, 58
2012-09-04 14:55:24, 79, 3.28, 57
2012-09-04 14:56:24, 79, 3.28, 57
2012-09-04 14:57:24, 79, 3.28, 57
2012-09-04 14:58:24, 79, 3.28, 57
2012-09-04 14:59:24, 80, 3.28, 57
2012-09-04 15:00:24, 80, 3.28, 57
2012-09-04 15:01:24, 80, 3.28, 57
2012-09-04 15:02:24, 80, 3.28, 57
2012-09-04 15:03:24, 80, 3.28, 57
2012-09-04 15:04:24, 80, 3.28, 57
2012-09-04 15:05:24, 80, 3.28, 56
2012-09-04 15:06:24, 80, 3.28, 57
2012-09-04 15:07:24, 80, 3.28, 57
2012-09-04 15:08:24, 80, 3.28, 57
2012-09-04 15:09:24, 80, 3.28, 57
2012-09-04 15:10:24, 81, 3.28, 57
2012-09-04 15:11:24, 81, 3.28, 56
2012-09-04 15:12:24, 81, 3.28, 56
2012-09-04 15:13:24, 81, 3.28, 56
2012-09-04 15:14:24, 81, 3.28, 56
2012-09-04 15:15:24, 81, 3.28, 56
2012-09-04 15:16:24, 81, 3.28, 56
2012-09-04 15:17:24, 81, 3.28, 56
2012-09-04 15:18:24, 81, 3.28, 56
2012-09-04 15:19:24, 82, 3.28, 56
2012-09-04 15:20:24, 82, 3.28, 56
2012-09-04 15:21:24, 82, 3.28, 56
2012-09-04 15:22:24, 82, 3.28, 56
2012-09-04 15:23:24, 82, 3.28, 56
2012-09-04 15:24:24, 82, 3.28, 56
2012-09-04 15:25:24, 83, 3.28, 56
2012-09-04 15:26:24, 83, 3.28, 56
2012-09-04 15:27:24, 83, 3.28, 56
2012-09-04 15:28:24, 83, 3.28, 56
2012-09-04 15:29:24, 83, 3.28, 56
2012-09-04 15:30:24, 83, 3.28, 56
2012-09-04 15:31:24, 83, 3.28, 56
2012-09-04 15:32:24, 83, 3.28, 56
2012-09-04 15:33:24, 83, 3.28, 56
2012-09-04 15:34:24, 84, 3.28, 56
2012-09-04 15:35:24, 84, 3.28, 56
2012-09-04 15:36:24, 84, 3.28, 56
2012-09-04 15:37:24, 84, 3.28, 55
2012-09-04 15:38:24, 84, 3.28, 56
2012-09-04 15:39:24, 84, 3.28, 56
2012-09-04 15:40:24, 84, 3.28, 56
2012-09-04 15:41:24, 85, 3.28, 56
2012-09-04 15:42:24, 85, 3.28, 55
2012-09-04 15:43:24, 85, 3.28, 56
2012-09-04 15:44:24, 85, 3.28, 55
2012-09-04 15:45:24, 85, 3.28, 55
2012-09-04 15:46:24, 86, 3.28, 56
2012-09-04 15:47:24, 86, 3.28, 55
2012-09-04 15:48:25, 86, 3.28, 56
2012-09-04 15:49:25, 86, 3.28, 55
2012-09-04 15:50:25, 86, 3.28, 55
2012-09-04 15:51:25, 87, 3.28, 56
2012-09-04 15:52:25, 87, 3.28, 55
2012-09-04 15:53:25, 87, 3.28, 55
2012-09-04 15:54:25, 87, 3.28, 55
2012-09-04 15:55:25, 87, 3.28, 55
2012-09-04 15:56:25, 88, 3.28, 55
2012-09-04 15:57:25, 88, 3.28, 55
2012-09-04 15:58:25, 88, 3.28, 55
2012-09-04 15:59:25, 88, 3.28, 55
2012-09-04 16:00:25, 89, 3.28, 55
2012-09-04 16:01:25, 89, 3.28, 55
2012-09-04 16:02:25, 89, 3.28, 55
2012-09-04 16:03:25, 89, 3.28, 54
2012-09-04 16:04:25, 89, 3.28, 54
2012-09-04 16:05:25, 90, 3.28, 55
2012-09-04 16:06:25, 90, 3.28, 54
2012-09-04 16:07:25, 90, 3.28, 55
2012-09-04 16:08:25, 91, 3.28, 54
2012-09-04 16:09:25, 91, 3.28, 54
2012-09-04 16:10:25, 91, 3.28, 54
2012-09-04 16:11:25, 92, 3.28, 54
2012-09-04 16:12:25, 92, 3.28, 54
2012-09-04 16:13:25, 91, 3.28, 54
2012-09-04 16:14:25, 92, 3.28, 54
2012-09-04 16:15:25, 92, 3.28, 54
2012-09-04 16:16:25, 93, 3.28, 54
2012-09-04 16:17:25, 93, 3.28, 53
2012-09-04 16:18:25, 93, 3.28, 53
2012-09-04 16:19:25, 94, 3.28, 53
2012-09-04 16:20:25, 94, 3.28, 53
2012-09-04 16:21:25, 94, 3.28, 53
2012-09-04 16:22:25, 95, 3.28, 53
2012-09-04 16:23:25, 95, 3.28, 53
2012-09-04 16:24:25, 95, 3.28, 53
2012-09-04 16:25:25, 96, 3.28, 53
2012-09-04 16:26:25, 96, 3.28, 53
2012-09-04 16:27:25, 96, 3.28, 53
2012-09-04 16:28:25, 96, 3.28, 52
2012-09-04 16:29:25, 97, 3.28, 52
2012-09-04 16:30:25, 97, 3.28, 52
2012-09-04 16:31:25, 97, 3.28, 52
2012-09-04 16:32:25, 97, 3.28, 52
2012-09-04 16:33:25, 98, 3.28, 52
2012-09-04 16:34:25, 98, 3.28, 52
2012-09-04 16:35:25, 99, 3.28, 52
2012-09-04 16:36:25, 99, 3.28, 52
2012-09-04 16:37:25, 99, 3.28, 52
2012-09-04 16:38:25, 100, 3.28, 51
2012-09-04 16:39:25, 100, 3.28, 51
2012-09-04 16:40:25, 100, 3.28, 52
2012-09-04 16:41:25, 100, 3.28, 51
2012-09-04 16:42:25, 101, 3.28, 51
2012-09-04 16:43:25, 101, 3.28, 51
2012-09-04 16:44:25, 102, 3.28, 51
2012-09-04 16:45:25, 102, 3.28, 51
2012-09-04 16:46:25, 102, 3.28, 51
2012-09-04 16:47:25, 103, 3.28, 51
2012-09-04 16:48:25, 103, 3.28, 51
2012-09-04 16:49:25, 104, 3.28, 51
2012-09-04 16:50:25, 104, 3.28, 51
2012-09-04 16:51:25, 104, 3.28, 51
2012-09-04 16:52:25, 105, 3.28, 51
2012-09-04 16:53:25, 106, 3.28, 51
2012-09-04 16:54:25, 106, 3.28, 51
2012-09-04 16:55:25, 106, 3.28, 51
2012-09-04 16:56:25, 107, 3.28, 51
2012-09-04 16:57:25, 108, 3.28, 51
2012-09-04 16:58:25, 108, 3.28, 51
2012-09-04 16:59:25, 108, 3.28, 50
2012-09-04 17:00:25, 109, 3.28, 50
2012-09-04 17:01:25, 110, 3.28, 51
2012-09-04 17:02:25, 110, 3.28, 50
2012-09-04 17:03:25, 110, 3.28, 50
2012-09-04 17:04:25, 111, 3.28, 50
2012-09-04 17:05:25, 112, 3.27, 50
2012-09-04 17:06:25, 112, 3.28, 50
2012-09-04 17:07:25, 113, 3.28, 50
2012-09-04 17:08:25, 114, 3.28, 49
2012-09-04 17:09:25, 114, 3.28, 49
2012-09-04 17:10:25, 115, 3.28, 49
2012-09-04 17:11:25, 116, 3.28, 49
2012-09-04 17:12:25, 116, 3.27, 49
2012-09-04 17:13:25, 117, 3.28, 49
2012-09-04 17:14:25, 118, 3.28, 49
2012-09-04 17:15:25, 119, 3.28, 49
2012-09-04 17:16:25, 119, 3.28, 48
2012-09-04 17:17:25, 120, 3.28, 48
2012-09-04 17:18:25, 121, 3.28, 48
2012-09-04 17:19:25, 122, 3.28, 48
2012-09-04 17:20:25, 123, 3.28, 48
2012-09-04 17:21:25, 124, 3.28, 48
2012-09-04 17:22:25, 125, 3.28, 48
2012-09-04 17:23:25, 141, 3.28, 47
2012-09-04 17:24:25, 213, 3.28, 46
2012-09-04 17:25:25, 254, 3.28, 45
2012-09-04 17:26:25, 255, 3.28, 45
2012-09-04 17:27:25, 257, 3.27, 44
2012-09-04 17:28:25, 258, 3.27, 44
2012-09-04 17:29:25, 259, 3.27, 43
2012-09-04 17:30:25, 260, 3.28, 42
2012-09-04 17:31:25, 261, 3.27, 42
2012-09-04 17:32:25, 263, 3.27, 42
2012-09-04 17:33:25, 263, 3.27, 41
2012-09-04 17:34:25, 264, 3.27, 41
2012-09-04 17:35:25, 265, 3.27, 41
2012-09-04 17:36:25, 266, 3.27, 40
2012-09-04 17:37:25, 267, 3.27, 40
2012-09-04 17:38:25, 268, 3.27, 40
2012-09-04 17:39:25, 269, 3.27, 40
2012-09-04 17:40:25, 269, 3.27, 39
2012-09-04 17:41:25, 270, 3.27, 39
2012-09-04 17:42:25, 271, 3.27, 39
2012-09-04 17:43:25, 272, 3.27, 39
2012-09-04 17:44:25, 272, 3.27, 38
2012-09-04 17:45:25, 272, 3.27, 39
2012-09-04 17:46:25, 273, 3.27, 38
2012-09-04 17:47:25, 274, 3.27, 38
2012-09-04 17:48:25, 274, 3.27, 38
2012-09-04 17:49:25, 275, 3.27, 37
2012-09-04 17:50:25, 275, 3.27, 38
2012-09-04 17:51:25, 276, 3.27, 37
2012-09-04 17:52:25, 277, 3.27, 37
2012-09-04 17:53:25, 277, 3.27, 37
2012-09-04 17:54:25, 278, 3.27, 37
2012-09-04 17:55:25, 279, 3.27, 37
2012-09-04 17:56:25, 280, 3.27, 37
2012-09-04 17:57:25, 280, 3.27, 37
2012-09-04 17:58:25, 281, 3.27, 37
2012-09-04 17:59:25, 282, 3.27, 37
2012-09-04 18:00:25, 283, 3.27, 36
2012-09-04 18:01:25, 283, 3.27, 37
2012-09-04 18:02:25, 284, 3.27, 36
2012-09-04 18:03:25, 285, 3.27, 36
2012-09-04 18:04:25, 286, 3.27, 36
2012-09-04 18:05:25, 287, 3.27, 36
2012-09-04 18:06:25, 287, 3.27, 36
2012-09-04 18:07:25, 288, 3.27, 36
2012-09-04 18:08:25, 289, 3.27, 35
2012-09-04 18:09:25, 290, 3.27, 36
2012-09-04 18:10:25, 291, 3.27, 35
2012-09-04 18:11:25, 292, 3.27, 36
2012-09-04 18:12:25, 293, 3.27, 35
2012-09-04 18:13:25, 295, 3.27, 35
2012-09-04 18:14:25, 296, 3.27, 35
2012-09-04 18:15:25, 297, 3.27, 35
2012-09-04 18:16:25, 299, 3.27, 35
2012-09-04 18:17:25, 300, 3.27, 35
2012-09-04 18:18:25, 302, 3.27, 35
2012-09-04 18:19:25, 303, 3.27, 35
2012-09-04 18:20:25, 305, 3.27, 35
2012-09-04 18:21:25, 306, 3.27, 35
2012-09-04 18:22:25, 308, 3.27, 35
2012-09-04 18:23:25, 309, 3.27, 35
2012-09-04 18:24:25, 310, 3.27, 35
2012-09-04 18:25:25, 312, 3.27, 35
2012-09-04 18:26:25, 313, 3.27, 34
2012-09-04 18:27:25, 315, 3.27, 34
2012-09-04 18:28:25, 316, 3.27, 34
2012-09-04 18:29:25, 318, 3.28, 34
2012-09-04 18:30:25, 319, 3.27, 34
2012-09-04 18:31:25, 322, 3.27, 34
2012-09-04 18:32:25, 323, 3.27, 34
2012-09-04 18:33:25, 324, 3.27, 34
2012-09-04 18:34:25, 325, 3.27, 34
2012-09-04 18:35:25, 328, 3.27, 34
2012-09-04 18:36:25, 332, 3.27, 33
2012-09-04 18:37:25, 335, 3.27, 34
2012-09-04 18:38:25, 338, 3.27, 34
2012-09-04 18:39:25, 340, 3.27, 33
2012-09-04 18:40:25, 343, 3.27, 33
2012-09-04 18:41:25, 346, 3.27, 33
2012-09-04 18:42:25, 349, 3.27, 33
2012-09-04 18:43:25, 353, 3.27, 33
2012-09-04 18:44:25, 357, 3.27, 33
2012-09-04 18:45:25, 360, 3.27, 33
2012-09-04 18:46:25, 365, 3.27, 33
2012-09-04 18:47:25, 368, 3.27, 33
2012-09-04 18:48:25, 372, 3.27, 33
2012-09-04 18:49:25, 377, 3.27, 32
2012-09-04 18:50:25, 382, 3.27, 33
2012-09-04 18:51:25, 387, 3.27, 33
2012-09-04 18:52:25, 393, 3.27, 33
2012-09-04 18:53:25, 399, 3.27, 32
2012-09-04 18:54:25, 405, 3.27, 32
2012-09-04 18:55:25, 411, 3.27, 32
2012-09-04 18:56:25, 418, 3.27, 32
2012-09-04 18:57:25, 425, 3.27, 32
2012-09-04 18:58:25, 433, 3.27, 32
2012-09-04 18:59:25, 441, 3.27, 32
2012-09-04 19:00:25, 449, 3.27, 31
2012-09-04 19:01:25, 458, 3.27, 31
2012-09-04 19:02:25, 466, 3.27, 31
2012-09-04 19:03:25, 475, 3.27, 32
2012-09-04 19:04:25, 485, 3.27, 31
2012-09-04 19:05:25, 496, 3.27, 31
2012-09-04 19:06:25, 506, 3.27, 31
2012-09-04 19:07:25, 518, 3.27, 31
2012-09-04 19:08:25, 530, 3.27, 31
2012-09-04 19:09:25, 543, 3.27, 31
2012-09-04 19:10:25, 557, 3.27, 31
2012-09-04 19:11:25, 572, 3.27, 30
2012-09-04 19:12:25, 588, 3.27, 30
2012-09-04 19:13:25, 606, 3.27, 30
2012-09-04 19:14:25, 624, 3.27, 31
2012-09-04 19:15:25, 645, 3.27, 30
2012-09-04 19:16:25, 667, 3.27, 30
2012-09-04 19:17:25, 690, 3.27, 30
2012-09-04 19:18:25, 716, 3.27, 30
2012-09-04 19:19:25, 744, 3.27, 30
2012-09-04 19:20:25, 775, 3.27, 30
2012-09-04 19:21:25, 810, 3.27, 30
2012-09-04 19:22:25, 847, 3.27, 30
2012-09-04 19:23:25, 889, 3.27, 29
2012-09-04 19:24:25, 935, 3.27, 29
2012-09-04 19:25:25, 987, 3.27, 29
2012-09-04 19:26:25, 1045, 3.27, 29
2012-09-04 19:27:25, 1109, 3.27, 29
2012-09-04 19:28:25, 1183, 3.27, 29
2012-09-04 19:29:25, 1266, 3.27, 29
2012-09-04 19:30:25, 1360, 3.27, 28
2012-09-04 19:31:25, 1466, 3.27, 29
2012-09-04 19:32:25, 1588, 3.27, 28
2012-09-04 19:33:25, 1725, 3.27, 29
2012-09-04 19:34:25, 1882, 3.27, 28
2012-09-04 19:35:25, 2066, 3.27, 28
2012-09-04 19:36:25, 2280, 3.27, 28
2012-09-04 19:37:25, 2529, 3.27, 28
2012-09-04 19:38:25, 2821, 3.27, 28
2012-09-04 19:39:25, 3165, 3.27, 28
2012-09-04 19:40:25, 3574, 3.27, 28
2012-09-04 19:41:25, 4062, 3.27, 28
2012-09-04 19:42:25, 4642, 3.27, 28
2012-09-04 19:43:25, 5344, 3.27, 28
2012-09-04 19:44:25, 6192, 3.27, 28
2012-09-04 19:45:25, 7226, 3.27, 28
2012-09-04 19:46:25, 8462, 3.27, 27
2012-09-04 19:47:25, 9979, 3.27, 27
2012-09-04 19:48:25, 11837, 3.27, 27
2012-09-04 19:49:25, 14086, 3.27, 27
2012-09-04 19:50:25, 16820, 3.27, 27
2012-09-04 19:51:25, 20132, 3.27, 27
2012-09-04 19:52:25, 24127, 3.27, 27
2012-09-04 19:53:25, 28862, 3.27, 26
2012-09-04 19:54:25, 34543, 3.27, 27
2012-09-04 19:55:25, 41206, 3.27, 26
2012-09-04 19:56:25, 49159, 3.27, 26
2012-09-04 19:57:25, 58384, 3.27, 26
2012-09-04 19:58:25, 69133, 3.27, 26
2012-09-04 19:59:25, 81679, 3.27, 26
2012-09-04 20:00:25, 95801, 3.27, 26
2012-09-04 20:01:25, 111856, 3.27, 26
2012-09-04 20:02:25, 129782, 3.27, 26
2012-09-04 20:03:26, 149775, 3.27, 26
2012-09-04 20:04:26, 172055, 3.27, 26
2012-09-04 20:05:26, 195272, 3.27, 26
2012-09-04 20:06:26, 219551, 3.27, 26
2012-09-04 20:07:26, 243939, 3.27, 26
2012-09-04 20:08:26, 269552, 3.27, 25
2012-09-04 20:09:26, 294555, 3.27, 25
2012-09-04 20:10:26, 319432, 3.27, 25
2012-09-04 20:11:26, 343269, 3.27, 25
2012-09-04 20:12:26, 367721, 3.27, 25
2012-09-04 20:13:26, 388808, 3.27, 25
2012-09-04 20:14:26, 408817, 3.27, 25
2012-09-04 20:15:26, 427589, 3.27, 25
2012-09-04 20:16:26, 447646, 3.27, 25
2012-09-04 20:17:26, 454702, 3.27, 25
2012-09-04 20:18:26, 480040, 3.27, 25
2012-09-04 20:19:26, 492818, 3.27, 25
2012-09-04 20:20:26, 506768, 3.27, 25
2012-09-04 20:21:26, 516719, 3.27, 24
2012-09-04 20:22:26, 525384, 3.27, 24
2012-09-04 20:23:26, 533154, 3.27, 24
2012-09-04 20:24:26, 540641, 3.27, 24
2012-09-04 20:25:26, 547298, 3.26, 24
2012-09-04 20:26:26, 550600, 3.27, 24
2012-09-04 20:27:26, 555314, 3.27, 24
2012-09-04 20:28:26, 560046, 3.27, 24
2012-09-04 20:29:26, 562640, 3.27, 24
2012-09-04 20:30:26, 565681, 3.27, 24
2012-09-04 20:31:26, 572296, 3.27, 24
2012-09-04 20:32:26, 575669, 3.27, 24
2012-09-04 20:33:26, 578755, 3.27, 24
2012-09-04 20:34:26, 580828, 3.27, 24
2012-09-04 20:35:26, 581431, 3.27, 24
2012-09-04 20:36:26, 582354, 3.27, 24
2012-09-04 20:37:26, 582074, 3.27, 24
2012-09-04 20:38:26, 582052, 3.26, 24
2012-09-04 20:39:26, 578894, 3.27, 24
2012-09-04 20:40:26, 579149, 3.26, 24
2012-09-04 20:41:26, 578334, 3.27, 24
2012-09-04 20:42:26, 578676, 3.27, 24
2012-09-04 20:43:26, 578519, 3.27, 24
2012-09-04 20:44:26, 579146, 3.27, 24
2012-09-04 20:45:26, 577973, 3.27, 24
2012-09-04 20:46:26, 579284, 3.27, 24
2012-09-04 20:47:26, 578001, 3.27, 24
2012-09-04 20:48:26, 577584, 3.27, 24
2012-09-04 20:49:26, 576059, 3.27, 24
2012-09-04 20:50:26, 575467, 3.27, 23
2012-09-04 20:51:26, 574767, 3.27, 24
2012-09-04 20:52:26, 573746, 3.27, 24
2012-09-04 20:53:26, 573838, 3.27, 23
2012-09-04 20:54:26, 572841, 3.27, 23
2012-09-04 20:55:26, 572877, 3.26, 24
2012-09-04 20:56:26, 572557, 3.27, 24
2012-09-04 20:57:26, 568536, 3.27, 23
2012-09-04 20:58:26, 568981, 3.27, 24
2012-09-04 20:59:26, 571549, 3.27, 23
2012-09-04 21:00:26, 571571, 3.27, 23
2012-09-04 21:01:26, 572966, 3.27, 23
2012-09-04 21:02:26, 573495, 3.27, 24
2012-09-04 21:03:26, 574349, 3.27, 23
2012-09-04 21:04:26, 498648, 3.27, 23
2012-09-04 21:05:26, 559536, 3.27, 23
2012-09-04 21:06:26, 565075, 3.27, 23
2012-09-04 21:07:26, 569865, 3.27, 23
2012-09-04 21:08:26, 571188, 3.27, 23
2012-09-04 21:09:26, 570443, 3.27, 23
2012-09-04 21:10:26, 568436, 3.27, 23
2012-09-04 21:11:26, 566528, 3.27, 23
2012-09-04 21:12:26, 568762, 3.27, 23
2012-09-04 21:13:26, 568077, 3.27, 23
2012-09-04 21:14:26, 558347, 3.27, 22
2012-09-04 21:15:26, 553322, 3.27, 22
2012-09-04 21:16:26, 552190, 3.27, 23
2012-09-04 21:17:26, 550898, 3.27, 23
2012-09-04 21:18:26, 550453, 3.27, 23
2012-09-04 21:19:26, 551029, 3.27, 22
2012-09-04 21:20:26, 551601, 3.27, 22
2012-09-04 21:21:26, 550395, 3.27, 22
2012-09-04 21:22:26, 551532, 3.27, 22
2012-09-04 21:23:26, 552690, 3.27, 22
2012-09-04 21:24:26, 552466, 3.27, 22
2012-09-04 21:25:26, 549693, 3.27, 22
2012-09-04 21:26:26, 546586, 3.27, 22
2012-09-04 21:27:26, 526693, 3.27, 22
2012-09-04 21:28:26, 509171, 3.27, 22
2012-09-04 21:29:26, 504362, 3.27, 22
2012-09-04 21:30:26, 503857, 3.27, 22
2012-09-04 21:31:26, 505585, 3.27, 22
2012-09-04 21:32:26, 503260, 3.27, 21
2012-09-04 21:33:26, 504649, 3.27, 21
2012-09-04 21:34:26, 505787, 3.27, 21
2012-09-04 21:35:26, 504886, 3.27, 21
2012-09-04 21:36:26, 502881, 3.27, 21
2012-09-04 21:37:26, 503246, 3.27, 21
2012-09-04 21:38:26, 506873, 3.27, 21
2012-09-04 21:39:26, 504556, 3.27, 21
2012-09-04 21:40:26, 505272, 3.27, 21
2012-09-04 21:41:26, 505470, 3.27, 21
2012-09-04 21:42:26, 502638, 3.27, 21
2012-09-04 21:43:26, 503336, 3.27, 21
2012-09-04 21:44:26, 503502, 3.27, 21
2012-09-04 21:45:26, 502066, 3.26, 21
2012-09-04 21:46:26, 504162, 3.27, 21
2012-09-04 21:47:26, 503342, 3.27, 21
2012-09-04 21:48:26, 503719, 3.27, 21
2012-09-04 21:49:26, 501998, 3.27, 21
2012-09-04 21:50:26, 502998, 3.27, 21
2012-09-04 21:51:26, 502244, 3.27, 21
2012-09-04 21:52:26, 501148, 3.27, 21
2012-09-04 21:53:26, 500003, 3.27, 21
2012-09-04 21:54:26, 498978, 3.27, 21
2012-09-04 21:55:26, 498878, 3.27, 21
2012-09-04 21:56:26, 497173, 3.27, 21
2012-09-04 21:57:26, 496636, 3.26, 20
2012-09-04 21:58:26, 495499, 3.27, 20
2012-09-04 21:59:26, 494100, 3.27, 20
2012-09-04 22:00:26, 494448, 3.27, 20
2012-09-04 22:01:26, 493466, 3.27, 20
2012-09-04 22:02:26, 494494, 3.27, 21
