2012-11-04 16:18:59, 6334, 3.27, 24
2012-11-04 16:19:29, 6361, 3.27, 24
2012-11-04 16:19:59, 6384, 3.27, 24
2012-11-04 16:20:29, 6384, 3.27, 24
2012-11-04 16:20:59, 6384, 3.27, 24
2012-11-04 16:21:29, 6419, 3.27, 24
2012-11-04 16:21:59, 6447, 3.27, 23
2012-11-04 16:22:29, 6483, 3.27, 24
2012-11-04 16:22:59, 6499, 3.27, 23
2012-11-04 16:23:29, 6542, 3.27, 23
2012-11-04 16:23:59, 6581, 3.27, 24
2012-11-04 16:24:29, 6635, 3.27, 23
2012-11-04 16:24:59, 6720, 3.27, 24
2012-11-04 16:25:29, 6836, 3.27, 23
2012-11-04 16:25:59, 6951, 3.27, 24
2012-11-04 16:26:29, 6981, 3.27, 24
2012-11-04 16:26:59, 6962, 3.27, 24
2012-11-04 16:27:29, 6968, 3.27, 23
2012-11-04 16:27:59, 6989, 3.27, 24
2012-11-04 16:28:29, 7017, 3.27, 24
2012-11-04 16:28:59, 7057, 3.27, 24
2012-11-04 16:29:29, 7151, 3.27, 24
2012-11-04 16:29:59, 6096, 3.27, 24
2012-11-04 16:30:29, 6139, 3.27, 23
2012-11-04 16:30:59, 6182, 3.27, 24
2012-11-04 16:31:29, 6173, 3.27, 24
2012-11-04 16:31:59, 6243, 3.27, 24
2012-11-04 16:32:29, 6318, 3.27, 24
2012-11-04 16:32:59, 6398, 3.27, 24
2012-11-04 16:33:29, 6455, 3.27, 24
2012-11-04 16:33:59, 6489, 3.27, 24
2012-11-04 16:34:29, 6505, 3.27, 24
2012-11-04 16:34:59, 6516, 3.27, 24
2012-11-04 16:35:29, 6583, 3.27, 24
2012-11-04 16:35:59, 6625, 3.27, 24
2012-11-04 16:36:29, 6662, 3.27, 23
2012-11-04 16:36:59, 6704, 3.27, 23
2012-11-04 16:37:29, 6748, 3.27, 24
2012-11-04 16:37:59, 6794, 3.27, 24
2012-11-04 16:38:29, 6835, 3.27, 24
2012-11-04 16:38:59, 6882, 3.27, 24
2012-11-04 16:39:29, 6924, 3.27, 24
2012-11-04 16:39:59, 6977, 3.27, 23
2012-11-04 16:40:29, 7021, 3.27, 24
2012-11-04 16:40:59, 7073, 3.27, 24
2012-11-04 16:41:29, 7123, 3.27, 24
2012-11-04 16:41:59, 7172, 3.27, 24
2012-11-04 16:42:29, 7228, 3.27, 24
2012-11-04 16:42:59, 7282, 3.27, 23
2012-11-04 16:43:29, 7339, 3.27, 24
2012-11-04 16:43:59, 7399, 3.27, 24
2012-11-04 16:44:29, 7459, 3.27, 24
2012-11-04 16:44:59, 7515, 3.27, 23
2012-11-04 16:45:29, 7575, 3.27, 24
2012-11-04 16:45:59, 7635, 3.27, 24
2012-11-04 16:46:29, 7699, 3.27, 23
2012-11-04 16:46:59, 7761, 3.27, 24
2012-11-04 16:47:29, 7824, 3.27, 24
2012-11-04 16:47:59, 7884, 3.27, 24
2012-11-04 16:48:29, 7952, 3.27, 24
2012-11-04 16:48:59, 8019, 3.27, 24
2012-11-04 16:49:29, 8085, 3.27, 24
2012-11-04 16:49:59, 8156, 3.27, 24
2012-11-04 16:50:29, 8318, 3.27, 23
2012-11-04 16:50:59, 8385, 3.27, 24
2012-11-04 16:51:29, 8467, 3.27, 24
2012-11-04 16:51:59, 8537, 3.27, 24
2012-11-04 16:52:29, 8611, 3.27, 24
2012-11-04 16:52:59, 8688, 3.27, 24
2012-11-04 16:53:29, 8764, 3.27, 24
2012-11-04 16:53:59, 8844, 3.27, 24
2012-11-04 16:54:29, 8923, 3.27, 24
2012-11-04 16:54:59, 9001, 3.27, 24
2012-11-04 16:55:29, 9080, 3.27, 23
2012-11-04 16:55:59, 9163, 3.27, 23
2012-11-04 16:56:29, 9247, 3.27, 24
2012-11-04 16:56:59, 9329, 3.27, 24
2012-11-04 16:57:29, 9411, 3.27, 24
2012-11-04 16:57:59, 9500, 3.27, 23
2012-11-04 16:58:29, 9582, 3.27, 23
2012-11-04 16:58:59, 9675, 3.27, 24
2012-11-04 16:59:29, 9756, 3.27, 23
2012-11-04 16:59:59, 9842, 3.27, 23
2012-11-04 17:00:29, 9928, 3.27, 24
2012-11-04 17:00:59, 10012, 3.27, 24
2012-11-04 17:01:29, 10099, 3.27, 23
2012-11-04 17:01:59, 10181, 3.27, 24
2012-11-04 17:02:29, 9970, 3.27, 24
2012-11-04 17:02:59, 12894, 3.27, 24
2012-11-04 17:03:29, 13580, 3.27, 24
2012-11-04 17:03:59, 14072, 3.27, 24
2012-11-04 17:04:29, 14607, 3.27, 24
2012-11-04 17:04:59, 15148, 3.27, 23
2012-11-04 17:05:29, 15649, 3.27, 23
2012-11-04 17:05:59, 16228, 3.27, 24
2012-11-04 17:06:29, 16859, 3.27, 23
2012-11-04 17:06:59, 17535, 3.27, 24
2012-11-04 17:07:29, 18240, 3.27, 24
2012-11-04 17:07:59, 18979, 3.27, 23
2012-11-04 17:08:29, 19780, 3.27, 23
2012-11-04 17:08:59, 20597, 3.27, 23
2012-11-04 17:09:29, 21458, 3.27, 24
2012-11-04 17:09:59, 22390, 3.27, 23
2012-11-04 17:10:29, 23322, 3.27, 23
2012-11-04 17:10:59, 24311, 3.27, 23
2012-11-04 17:11:29, 25335, 3.27, 24
2012-11-04 17:11:59, 26383, 3.27, 23
2012-11-04 17:12:29, 27460, 3.27, 23
2012-11-04 17:12:59, 28559, 3.27, 23
2012-11-04 17:13:29, 29704, 3.27, 23
2012-11-04 17:13:59, 30880, 3.27, 24
2012-11-04 17:14:29, 32073, 3.27, 23
2012-11-04 17:14:59, 32873, 3.27, 24
2012-11-04 17:15:29, 28158, 3.27, 23
2012-11-04 17:15:59, 29689, 3.27, 23
2012-11-04 17:16:29, 30941, 3.27, 23
2012-11-04 17:16:59, 32148, 3.27, 23
2012-11-04 17:17:29, 33415, 3.27, 23
2012-11-04 17:17:59, 34645, 3.27, 23
2012-11-04 17:18:29, 35874, 3.27, 23
2012-11-04 17:18:59, 37261, 3.27, 23
2012-11-04 17:19:29, 38696, 3.27, 23
2012-11-04 17:19:59, 39774, 3.27, 23
2012-11-04 17:20:29, 40657, 3.27, 24
2012-11-04 17:20:59, 41521, 3.27, 23
2012-11-04 17:21:29, 42669, 3.27, 23
2012-11-04 17:21:59, 44457, 3.27, 24
2012-11-04 17:22:29, 44801, 3.27, 23
2012-11-04 17:22:59, 45824, 3.27, 23
2012-11-04 17:23:29, 46668, 3.27, 23
2012-11-04 17:23:59, 47535, 3.27, 23
2012-11-04 17:24:29, 46582, 3.27, 23
2012-11-04 17:24:59, 47979, 3.27, 23
2012-11-04 17:25:29, 49148, 3.27, 23
2012-11-04 17:25:59, 49617, 3.27, 23
2012-11-04 17:26:29, 50020, 3.27, 23
2012-11-04 17:26:59, 53124, 3.27, 23
2012-11-04 17:27:29, 53599, 3.27, 24
2012-11-04 17:27:59, 53918, 3.27, 23
2012-11-04 17:28:29, 54247, 3.27, 23
2012-11-04 17:28:59, 54494, 3.27, 23
2012-11-04 17:29:29, 54770, 3.27, 24
2012-11-04 17:29:59, 54802, 3.27, 23
2012-11-04 17:30:29, 54995, 3.27, 24
2012-11-04 17:30:59, 55177, 3.27, 23
2012-11-04 17:31:29, 55414, 3.27, 23
2012-11-04 17:31:59, 55955, 3.27, 23
2012-11-04 17:32:29, 55827, 3.27, 23
2012-11-04 17:32:59, 58355, 3.27, 23
2012-11-04 17:33:29, 52820, 3.27, 24
2012-11-04 17:33:59, 51377, 3.27, 23
2012-11-04 17:34:29, 51383, 3.27, 23
2012-11-04 17:34:59, 51161, 3.27, 23
2012-11-04 17:35:29, 51503, 3.27, 23
2012-11-04 17:35:59, 53246, 3.27, 23
2012-11-04 17:36:29, 56602, 3.27, 23
2012-11-04 17:36:59, 56491, 3.27, 23
2012-11-04 17:37:29, 56800, 3.27, 23
2012-11-04 17:37:59, 56923, 3.27, 23
2012-11-04 17:38:29, 56573, 3.27, 23
2012-11-04 17:38:59, 52218, 3.27, 23
2012-11-04 17:39:29, 52343, 3.27, 24
2012-11-04 17:39:59, 52553, 3.27, 23
2012-11-04 17:40:29, 53945, 3.27, 23
2012-11-04 17:40:59, 53577, 3.27, 23
2012-11-04 17:41:29, 56808, 3.27, 23
2012-11-04 17:41:59, 56981, 3.27, 23
2012-11-04 17:42:29, 56966, 3.27, 23
2012-11-04 17:42:59, 56822, 3.27, 23
2012-11-04 17:43:29, 56784, 3.27, 23
2012-11-04 17:43:59, 56785, 3.27, 23
2012-11-04 17:44:29, 56683, 3.27, 23
2012-11-04 17:44:59, 56531, 3.27, 23
2012-11-04 17:45:29, 56581, 3.27, 23
2012-11-04 17:45:59, 56813, 3.27, 23
2012-11-04 17:46:29, 56862, 3.27, 23
2012-11-04 17:46:59, 56884, 3.27, 23
2012-11-04 17:47:29, 56821, 3.27, 23
2012-11-04 17:47:59, 56689, 3.27, 23
2012-11-04 17:48:29, 56611, 3.27, 23
2012-11-04 17:48:59, 56385, 3.27, 24
2012-11-04 17:49:29, 56408, 3.27, 23
2012-11-04 17:49:59, 56632, 3.27, 23
2012-11-04 17:50:29, 56406, 3.27, 23
2012-11-04 17:50:59, 56319, 3.27, 23
2012-11-04 17:51:29, 56482, 3.27, 23
2012-11-04 17:51:59, 58741, 3.27, 23
2012-11-04 17:52:29, 56944, 3.27, 23
2012-11-04 17:52:59, 55893, 3.27, 23
2012-11-04 17:53:29, 56564, 3.27, 23
2012-11-04 17:53:59, 56792, 3.27, 23
2012-11-04 17:54:29, 56748, 3.27, 23
2012-11-04 17:54:59, 56807, 3.27, 23
2012-11-04 17:55:29, 56743, 3.27, 23
2012-11-04 17:55:59, 56745, 3.27, 23
2012-11-04 17:56:29, 56808, 3.27, 23
2012-11-04 17:56:59, 56734, 3.27, 23
2012-11-04 17:57:29, 56704, 3.27, 23
2012-11-04 17:57:59, 56884, 3.27, 23
2012-11-04 17:58:29, 58758, 3.27, 23
2012-11-04 17:58:59, 56590, 3.27, 23
2012-11-04 17:59:29, 56548, 3.27, 23
2012-11-04 17:59:59, 56577, 3.27, 23
2012-11-04 18:00:29, 56557, 3.27, 23
2012-11-04 18:00:59, 56558, 3.27, 23
2012-11-04 18:01:29, 56544, 3.27, 23
2012-11-04 18:01:59, 56570, 3.27, 23
2012-11-04 18:02:29, 53392, 3.27, 23
2012-11-04 18:02:59, 56647, 3.27, 23
2012-11-04 18:03:29, 56827, 3.27, 23
2012-11-04 18:03:59, 56795, 3.27, 23
2012-11-04 18:04:29, 56331, 3.27, 23
2012-11-04 18:04:59, 56539, 3.27, 23
2012-11-04 18:05:29, 56378, 3.27, 23
2012-11-04 18:05:59, 56299, 3.27, 23
2012-11-04 18:06:29, 56423, 3.27, 23
2012-11-04 18:06:59, 58626, 3.27, 23
2012-11-04 18:07:29, 58625, 3.27, 23
2012-11-04 18:07:59, 58582, 3.27, 23
2012-11-04 18:08:29, 60902, 3.27, 23
2012-11-04 18:08:59, 60152, 3.27, 23
2012-11-04 18:09:29, 60138, 3.27, 23
2012-11-04 18:09:59, 60128, 3.27, 23
2012-11-04 18:10:29, 60119, 3.27, 23
2012-11-04 18:10:59, 60034, 3.27, 23
2012-11-04 18:11:29, 60125, 3.27, 23
2012-11-04 18:11:59, 60115, 3.27, 23
2012-11-04 18:12:29, 60104, 3.27, 23
2012-11-04 18:12:59, 60067, 3.27, 23
2012-11-04 18:13:29, 60087, 3.27, 23
2012-11-04 18:13:59, 60082, 3.27, 23
2012-11-04 18:14:29, 60084, 3.27, 23
2012-11-04 18:14:59, 60073, 3.27, 23
2012-11-04 18:15:29, 60078, 3.27, 23
2012-11-04 18:15:59, 60079, 3.27, 23
2012-11-04 18:16:29, 60058, 3.27, 23
2012-11-04 18:16:59, 60059, 3.27, 23
2012-11-04 18:17:29, 60059, 3.27, 23
2012-11-04 18:17:59, 60056, 3.27, 23
2012-11-04 18:18:29, 60053, 3.27, 23
2012-11-04 18:18:59, 60038, 3.27, 23
2012-11-04 18:19:29, 60051, 3.27, 23
2012-11-04 18:19:59, 60716, 3.27, 23
2012-11-04 18:20:29, 60699, 3.27, 23
2012-11-04 18:20:59, 60714, 3.27, 23
2012-11-04 18:21:29, 60698, 3.27, 22
2012-11-04 18:21:59, 60694, 3.27, 23
2012-11-04 18:22:29, 60688, 3.27, 23
2012-11-04 18:22:59, 60694, 3.27, 23
2012-11-04 18:23:29, 60644, 3.27, 23
2012-11-04 18:23:59, 60635, 3.27, 23
2012-11-04 18:24:29, 60634, 3.27, 23
2012-11-04 18:24:59, 60618, 3.27, 23
2012-11-04 18:25:29, 60610, 3.27, 23
2012-11-04 18:25:59, 60635, 3.27, 23
2012-11-04 18:26:29, 60629, 3.27, 23
2012-11-04 18:26:59, 60612, 3.27, 23
2012-11-04 18:27:29, 60617, 3.27, 23
2012-11-04 18:27:59, 60612, 3.27, 23
2012-11-04 18:28:29, 60597, 3.27, 23
2012-11-04 18:28:59, 60713, 3.27, 23
2012-11-04 18:29:29, 60696, 3.27, 23
2012-11-04 18:29:59, 60772, 3.27, 22
2012-11-04 18:30:29, 60805, 3.27, 23
2012-11-04 18:30:59, 60816, 3.27, 22
2012-11-04 18:31:29, 60934, 3.27, 22
2012-11-04 18:31:59, 60816, 3.27, 23
2012-11-04 18:32:29, 60982, 3.27, 22
2012-11-04 18:32:59, 60849, 3.27, 23
2012-11-04 18:33:29, 60848, 3.27, 23
2012-11-04 18:33:59, 58838, 3.27, 23
2012-11-04 18:34:29, 59565, 3.27, 23
2012-11-04 18:34:59, 59706, 3.27, 23
2012-11-04 18:35:29, 59596, 3.27, 23
2012-11-04 18:35:59, 60428, 3.27, 22
2012-11-04 18:36:29, 59604, 3.27, 23
2012-11-04 18:36:59, 61224, 3.27, 23
2012-11-04 18:37:29, 61207, 3.27, 23
2012-11-04 18:37:59, 61211, 3.27, 22
2012-11-04 18:38:29, 61194, 3.27, 23
2012-11-04 18:38:59, 61206, 3.27, 23
2012-11-04 18:39:29, 61187, 3.27, 23
2012-11-04 18:39:59, 61189, 3.27, 23
2012-11-04 18:40:29, 61175, 3.27, 23
2012-11-04 18:40:59, 61167, 3.27, 23
2012-11-04 18:41:29, 61172, 3.27, 23
2012-11-04 18:41:59, 61193, 3.27, 23
2012-11-04 18:42:29, 61179, 3.27, 23
2012-11-04 18:42:59, 61150, 3.27, 22
2012-11-04 18:43:29, 61149, 3.27, 23
2012-11-04 18:43:59, 61168, 3.27, 23
2012-11-04 18:44:29, 61142, 3.27, 23
2012-11-04 18:44:59, 61140, 3.27, 23
2012-11-04 18:45:29, 61150, 3.27, 23
2012-11-04 18:45:59, 61140, 3.27, 23
2012-11-04 18:46:29, 61129, 3.27, 23
2012-11-04 18:46:59, 61130, 3.27, 22
2012-11-04 18:47:29, 61117, 3.27, 23
2012-11-04 18:47:59, 61116, 3.27, 22
2012-11-04 18:48:29, 61119, 3.27, 23
2012-11-04 18:48:59, 61124, 3.27, 23
2012-11-04 18:49:29, 61887, 3.27, 22
2012-11-04 18:49:59, 61875, 3.27, 23
2012-11-04 18:50:29, 61862, 3.27, 23
2012-11-04 18:50:59, 61883, 3.27, 23
2012-11-04 18:51:29, 61871, 3.27, 22
2012-11-04 18:51:59, 61872, 3.27, 23
2012-11-04 18:52:29, 61852, 3.27, 22
2012-11-04 18:52:59, 61842, 3.27, 22
2012-11-04 18:53:29, 61834, 3.27, 23
2012-11-04 18:53:59, 61852, 3.27, 22
2012-11-04 18:54:29, 61826, 3.27, 22
2012-11-04 18:54:59, 61805, 3.27, 22
2012-11-04 18:55:29, 61811, 3.27, 22
2012-11-04 18:55:59, 61806, 3.27, 22
2012-11-04 18:56:29, 61792, 3.27, 23
2012-11-04 18:56:59, 61766, 3.27, 22
2012-11-04 18:57:29, 61774, 3.27, 23
2012-11-04 18:57:59, 61789, 3.27, 22
2012-11-04 18:58:29, 61783, 3.27, 22
2012-11-04 18:58:59, 61768, 3.27, 23
2012-11-04 18:59:29, 61772, 3.27, 23
2012-11-04 18:59:59, 61772, 3.27, 22
2012-11-04 19:00:29, 61755, 3.27, 22
2012-11-04 19:00:59, 61737, 3.27, 22
2012-11-04 19:01:29, 61747, 3.27, 22
2012-11-04 19:01:59, 61745, 3.27, 22
2012-11-04 19:02:29, 61742, 3.27, 22
2012-11-04 19:02:59, 61718, 3.27, 23
2012-11-04 19:03:29, 61738, 3.27, 22
2012-11-04 19:03:59, 61716, 3.27, 22
2012-11-04 19:04:29, 61722, 3.27, 22
2012-11-04 19:04:59, 61735, 3.27, 23
2012-11-04 19:05:29, 61726, 3.27, 22
2012-11-04 19:05:59, 61718, 3.27, 22
2012-11-04 19:06:29, 61718, 3.27, 22
2012-11-04 19:06:59, 61738, 3.27, 22
2012-11-04 19:07:29, 61687, 3.27, 23
2012-11-04 19:07:59, 61697, 3.27, 23
2012-11-04 19:08:29, 61701, 3.27, 22
2012-11-04 19:08:59, 61686, 3.27, 22
2012-11-04 19:09:29, 61696, 3.27, 23
2012-11-04 19:09:59, 61696, 3.27, 22
2012-11-04 19:10:29, 61666, 3.27, 22
2012-11-04 19:10:59, 61686, 3.27, 22
2012-11-04 19:11:29, 61676, 3.27, 22
2012-11-04 19:11:59, 61675, 3.27, 22
2012-11-04 19:12:29, 61649, 3.27, 22
2012-11-04 19:12:59, 61658, 3.27, 22
2012-11-04 19:13:29, 61646, 3.27, 22
2012-11-04 19:13:59, 61647, 3.27, 22
2012-11-04 19:14:29, 61654, 3.27, 22
2012-11-04 19:14:59, 61662, 3.27, 22
2012-11-04 19:15:29, 61612, 3.27, 22
2012-11-04 19:15:59, 61643, 3.27, 22
2012-11-04 19:16:29, 61608, 3.27, 22
2012-11-04 19:16:59, 61618, 3.27, 22
2012-11-04 19:17:29, 61611, 3.27, 22
2012-11-04 19:17:59, 61621, 3.27, 22
2012-11-04 19:18:29, 61596, 3.27, 22
2012-11-04 19:18:59, 61616, 3.27, 22
2012-11-04 19:19:29, 60319, 3.27, 22
2012-11-04 19:19:59, 59349, 3.27, 22
2012-11-04 19:20:29, 59346, 3.27, 22
2012-11-04 19:20:59, 59375, 3.27, 22
2012-11-04 19:21:29, 59455, 3.27, 22
2012-11-04 19:21:59, 59483, 3.27, 22
2012-11-04 19:22:29, 61571, 3.27, 22
2012-11-04 19:22:59, 61602, 3.27, 22
2012-11-04 19:23:29, 61593, 3.27, 22
2012-11-04 19:23:59, 61600, 3.27, 22
2012-11-04 19:24:29, 61592, 3.27, 22
2012-11-04 19:24:59, 61582, 3.27, 22
2012-11-04 19:25:29, 61586, 3.27, 22
2012-11-04 19:25:59, 61566, 3.27, 22
2012-11-04 19:26:29, 61583, 3.27, 22
2012-11-04 19:26:59, 61587, 3.27, 22
2012-11-04 19:27:29, 61567, 3.27, 22
2012-11-04 19:27:59, 61639, 3.27, 22
2012-11-04 19:28:29, 61599, 3.27, 22
2012-11-04 19:28:59, 61591, 3.27, 22
2012-11-04 19:29:29, 61579, 3.27, 22
2012-11-04 19:29:59, 61577, 3.27, 22
2012-11-04 19:30:29, 61577, 3.27, 22
2012-11-04 19:30:59, 61573, 3.27, 22
2012-11-04 19:31:29, 61571, 3.27, 22
2012-11-04 19:31:59, 61572, 3.27, 22
2012-11-04 19:32:29, 61578, 3.27, 22
2012-11-04 19:32:59, 61554, 3.27, 22
2012-11-04 19:33:29, 61585, 3.27, 22
2012-11-04 19:33:59, 61594, 3.27, 22
2012-11-04 19:34:29, 61588, 3.27, 22
2012-11-04 19:34:59, 61592, 3.27, 22
2012-11-04 19:35:29, 52008, 3.27, 22
2012-11-04 19:35:59, 49671, 3.27, 22
2012-11-04 19:36:29, 49323, 3.27, 22
2012-11-04 19:36:59, 49214, 3.27, 22
2012-11-04 19:37:29, 49235, 3.27, 22
2012-11-04 19:37:59, 49267, 3.27, 22
2012-11-04 19:38:29, 49373, 3.27, 22
2012-11-04 19:38:59, 49490, 3.27, 22
2012-11-04 19:39:29, 49652, 3.27, 22
2012-11-04 19:39:59, 49715, 3.27, 22
2012-11-04 19:40:29, 49887, 3.27, 22
2012-11-04 19:40:59, 50017, 3.27, 22
2012-11-04 19:41:29, 50177, 3.27, 22
2012-11-04 19:41:59, 50096, 3.27, 22
2012-11-04 19:42:29, 50154, 3.27, 22
2012-11-04 19:42:59, 50211, 3.27, 22
2012-11-04 19:43:29, 50233, 3.27, 22
2012-11-04 19:43:59, 48962, 3.27, 22
2012-11-04 19:44:29, 48915, 3.27, 22
2012-11-04 19:44:59, 48924, 3.27, 22
2012-11-04 19:45:29, 48967, 3.27, 22
2012-11-04 19:45:59, 49050, 3.27, 22
2012-11-04 19:46:29, 49191, 3.27, 22
2012-11-04 19:46:59, 49159, 3.27, 21
2012-11-04 19:47:29, 49152, 3.27, 22
2012-11-04 19:47:59, 49106, 3.27, 22
2012-11-04 19:48:29, 49095, 3.27, 22
2012-11-04 19:48:59, 49130, 3.27, 22
2012-11-04 19:49:29, 49185, 3.27, 22
2012-11-04 19:49:59, 49203, 3.27, 22
2012-11-04 19:50:29, 49242, 3.27, 22
2012-11-04 19:50:59, 49277, 3.27, 22
2012-11-04 19:51:29, 49277, 3.27, 22
2012-11-04 19:51:59, 49290, 3.27, 22
2012-11-04 19:52:29, 49298, 3.27, 22
2012-11-04 19:52:59, 49342, 3.27, 22
2012-11-04 19:53:29, 49356, 3.27, 22
2012-11-04 19:53:59, 49351, 3.27, 22
2012-11-04 19:54:29, 49354, 3.27, 22
2012-11-04 19:54:59, 49294, 3.27, 22
2012-11-04 19:55:29, 49263, 3.27, 22
2012-11-04 19:55:59, 49264, 3.27, 22
2012-11-04 19:56:29, 49235, 3.27, 22
2012-11-04 19:56:59, 50422, 3.27, 22
2012-11-04 19:57:29, 48747, 3.27, 22
2012-11-04 19:57:59, 48771, 3.27, 22
2012-11-04 19:58:29, 48779, 3.27, 22
2012-11-04 19:58:59, 48764, 3.27, 22
2012-11-04 19:59:29, 48768, 3.27, 22
2012-11-04 19:59:59, 48752, 3.27, 22
2012-11-04 20:00:29, 48737, 3.27, 22
2012-11-04 20:00:59, 48741, 3.27, 22
2012-11-04 20:01:29, 48746, 3.27, 21
2012-11-04 20:01:59, 48715, 3.27, 22
2012-11-04 20:02:29, 48716, 3.27, 22
2012-11-04 20:02:59, 48728, 3.27, 22
2012-11-04 20:03:29, 48755, 3.27, 22
2012-11-04 20:03:59, 48771, 3.27, 22
2012-11-04 20:04:29, 48760, 3.27, 22
2012-11-04 20:04:59, 48757, 3.27, 22
2012-11-04 20:05:29, 48819, 3.27, 22
2012-11-04 20:05:59, 48815, 3.27, 22
2012-11-04 20:06:29, 48853, 3.27, 22
2012-11-04 20:06:59, 48782, 3.27, 22
2012-11-04 20:07:29, 48780, 3.27, 22
2012-11-04 20:07:59, 48775, 3.27, 22
2012-11-04 20:08:29, 48770, 3.27, 22
2012-11-04 20:08:59, 48792, 3.27, 22
2012-11-04 20:09:29, 47541, 3.27, 21
2012-11-04 20:09:59, 47538, 3.27, 22
2012-11-04 20:10:29, 47516, 3.27, 22
2012-11-04 20:10:59, 47183, 3.27, 22
2012-11-04 20:11:29, 47167, 3.27, 22
2012-11-04 20:11:59, 47119, 3.27, 21
2012-11-04 20:12:29, 47170, 3.27, 22
2012-11-04 20:12:59, 47191, 3.27, 22
2012-11-04 20:13:29, 47612, 3.27, 22
2012-11-04 20:13:59, 47089, 3.27, 22
2012-11-04 20:14:29, 47541, 3.27, 21
2012-11-04 20:14:59, 44663, 3.27, 21
2012-11-04 20:15:29, 44705, 3.27, 21
2012-11-04 20:15:59, 44696, 3.27, 22
2012-11-04 20:16:29, 44954, 3.27, 22
2012-11-04 20:16:59, 44939, 3.27, 22
2012-11-04 20:17:29, 44881, 3.27, 22
2012-11-04 20:17:59, 44858, 3.27, 22
2012-11-04 20:18:29, 44826, 3.27, 22
2012-11-04 20:18:59, 44732, 3.27, 22
2012-11-04 20:19:29, 44814, 3.27, 22
2012-11-04 20:19:59, 44821, 3.27, 22
2012-11-04 20:20:29, 44823, 3.27, 22
2012-11-04 20:20:59, 44841, 3.27, 22
2012-11-04 20:21:29, 44697, 3.27, 21
2012-11-04 20:21:59, 44526, 3.27, 22
2012-11-04 20:22:29, 44651, 3.27, 22
2012-11-04 20:22:59, 44708, 3.27, 21
2012-11-04 20:23:29, 44623, 3.27, 22
2012-11-04 20:23:59, 44576, 3.27, 21
2012-11-04 20:24:29, 44676, 3.27, 21
2012-11-04 20:24:59, 44632, 3.27, 21
2012-11-04 20:25:29, 45720, 3.27, 21
2012-11-04 20:25:59, 45814, 3.27, 21
2012-11-04 20:26:29, 45858, 3.27, 21
2012-11-04 20:26:59, 45873, 3.27, 22
2012-11-04 20:27:29, 45908, 3.27, 22
2012-11-04 20:27:59, 45894, 3.27, 22
2012-11-04 20:28:29, 45921, 3.27, 21
2012-11-04 20:28:59, 45912, 3.27, 21
2012-11-04 20:29:29, 45881, 3.27, 21
2012-11-04 20:29:59, 45815, 3.27, 21
2012-11-04 20:30:29, 45810, 3.27, 22
2012-11-04 20:30:59, 45711, 3.27, 21
2012-11-04 20:31:29, 50046, 3.27, 22
2012-11-04 20:31:59, 50171, 3.27, 21
2012-11-04 20:32:29, 50182, 3.27, 22
2012-11-04 20:32:59, 50071, 3.27, 22
2012-11-04 20:33:29, 50130, 3.27, 21
2012-11-04 20:33:59, 50112, 3.27, 21
2012-11-04 20:34:29, 50064, 3.27, 22
2012-11-04 20:34:59, 50132, 3.27, 22
2012-11-04 20:35:29, 50170, 3.27, 22
2012-11-04 20:35:59, 50200, 3.27, 22
2012-11-04 20:36:29, 50234, 3.27, 22
2012-11-04 20:36:59, 50242, 3.27, 22
2012-11-04 20:37:29, 50105, 3.27, 21
2012-11-04 20:37:59, 50143, 3.27, 21
2012-11-04 20:38:29, 49927, 3.27, 21
2012-11-04 20:38:59, 50098, 3.27, 22
2012-11-04 20:39:29, 50136, 3.27, 22
2012-11-04 20:39:59, 50030, 3.27, 22
2012-11-04 20:40:29, 50045, 3.27, 22
2012-11-04 20:40:59, 50123, 3.27, 21
2012-11-04 20:41:29, 50128, 3.27, 21
2012-11-04 20:41:59, 50083, 3.27, 21
2012-11-04 20:42:29, 49883, 3.27, 21
2012-11-04 20:42:59, 49940, 3.27, 21
2012-11-04 20:43:29, 49912, 3.27, 21
2012-11-04 20:43:59, 49935, 3.27, 21
2012-11-04 20:44:29, 49913, 3.27, 21
2012-11-04 20:44:59, 49866, 3.27, 21
2012-11-04 20:45:29, 49842, 3.27, 21
2012-11-04 20:45:59, 49677, 3.27, 22
2012-11-04 20:46:29, 49750, 3.27, 21
2012-11-04 20:46:59, 49832, 3.27, 21
2012-11-04 20:47:29, 49662, 3.27, 21
2012-11-04 20:47:59, 49764, 3.27, 21
2012-11-04 20:48:29, 49974, 3.27, 22
2012-11-04 20:48:59, 49748, 3.27, 22
2012-11-04 20:49:29, 49708, 3.27, 21
2012-11-04 20:49:59, 49769, 3.27, 21
2012-11-04 20:50:29, 49776, 3.27, 21
2012-11-04 20:50:59, 49869, 3.27, 21
2012-11-04 20:51:29, 49739, 3.27, 21
2012-11-04 20:51:59, 49766, 3.27, 21
2012-11-04 20:52:29, 49713, 3.27, 21
2012-11-04 20:52:59, 49667, 3.27, 21
2012-11-04 20:53:29, 49617, 3.27, 21
2012-11-04 20:53:59, 49723, 3.27, 21
2012-11-04 20:54:29, 49640, 3.27, 21
2012-11-04 20:54:59, 49684, 3.27, 21
2012-11-04 20:55:29, 49690, 3.27, 21
2012-11-04 20:55:59, 49634, 3.27, 21
2012-11-04 20:56:29, 49657, 3.27, 21
2012-11-04 20:56:59, 49568, 3.27, 21
2012-11-04 20:57:29, 49598, 3.27, 21
2012-11-04 20:57:59, 49668, 3.27, 21
2012-11-04 20:58:29, 49661, 3.27, 21
2012-11-04 20:58:59, 49593, 3.27, 21
2012-11-04 20:59:29, 49541, 3.27, 21
2012-11-04 20:59:59, 49529, 3.27, 21
2012-11-04 21:00:29, 49601, 3.27, 21
2012-11-04 21:00:59, 49774, 3.27, 21
2012-11-04 21:01:29, 49687, 3.27, 21
2012-11-04 21:01:59, 49511, 3.27, 21
2012-11-04 21:02:29, 49649, 3.27, 21
2012-11-04 21:02:59, 49723, 3.27, 21
2012-11-04 21:03:29, 49813, 3.27, 21
2012-11-04 21:03:59, 49798, 3.27, 21
2012-11-04 21:04:29, 49552, 3.27, 21
2012-11-04 21:04:59, 49678, 3.27, 21
2012-11-04 21:05:29, 49463, 3.27, 21
2012-11-04 21:05:59, 49541, 3.27, 21
2012-11-04 21:06:29, 49599, 3.27, 21
2012-11-04 21:06:59, 49690, 3.27, 21
2012-11-04 21:07:29, 49736, 3.27, 21
2012-11-04 21:07:59, 49593, 3.27, 21
2012-11-04 21:08:29, 49639, 3.27, 21
2012-11-04 21:08:59, 49739, 3.27, 21
2012-11-04 21:09:29, 49751, 3.27, 21
2012-11-04 21:09:59, 49649, 3.27, 21
2012-11-04 21:10:29, 49742, 3.27, 21
2012-11-04 21:10:59, 49647, 3.27, 21
2012-11-04 21:11:29, 49688, 3.27, 21
2012-11-04 21:11:59, 49651, 3.27, 21
2012-11-04 21:12:29, 49615, 3.27, 21
2012-11-04 21:12:59, 49597, 3.27, 21
2012-11-04 21:13:29, 49694, 3.27, 21
2012-11-04 21:13:59, 49692, 3.27, 21
2012-11-04 21:14:29, 49738, 3.27, 21
2012-11-04 21:14:59, 49757, 3.27, 21
2012-11-04 21:15:29, 49667, 3.27, 21
2012-11-04 21:15:59, 49717, 3.27, 21
2012-11-04 21:16:29, 49728, 3.27, 21
2012-11-04 21:16:59, 49706, 3.27, 21
2012-11-04 21:17:29, 49677, 3.27, 21
2012-11-04 21:17:59, 49540, 3.27, 21
2012-11-04 21:18:29, 49608, 3.27, 21
2012-11-04 21:18:59, 49690, 3.27, 21
2012-11-04 21:19:29, 49781, 3.27, 21
2012-11-04 21:19:59, 49818, 3.27, 21
2012-11-04 21:20:29, 49750, 3.27, 21
2012-11-04 21:20:59, 49729, 3.27, 21
2012-11-04 21:21:29, 49514, 3.27, 21
2012-11-04 21:21:59, 49682, 3.27, 21
2012-11-04 21:22:29, 49599, 3.27, 21
2012-11-04 21:22:59, 49491, 3.27, 21
2012-11-04 21:23:29, 49601, 3.27, 21
2012-11-04 21:23:59, 49364, 3.27, 21
2012-11-04 21:24:29, 49358, 3.27, 21
2012-11-04 21:24:59, 49469, 3.27, 21
2012-11-04 21:25:29, 49305, 3.27, 21
2012-11-04 21:25:59, 49435, 3.27, 21
2012-11-04 21:26:29, 49173, 3.27, 21
2012-11-04 21:26:59, 49360, 3.27, 21
2012-11-04 21:27:29, 49378, 3.27, 21
2012-11-04 21:27:59, 48803, 3.27, 21
2012-11-04 21:28:29, 48586, 3.27, 21
2012-11-04 21:28:59, 48490, 3.27, 21
2012-11-04 21:29:29, 48410, 3.27, 21
2012-11-04 21:29:59, 48482, 3.27, 21
2012-11-04 21:30:29, 48391, 3.27, 21
2012-11-04 21:30:59, 48363, 3.27, 21
2012-11-04 21:31:29, 48423, 3.27, 21
2012-11-04 21:31:59, 48287, 3.27, 21
2012-11-04 21:32:29, 48264, 3.27, 21
2012-11-04 21:32:59, 48398, 3.27, 21
2012-11-04 21:33:29, 48192, 3.27, 21
